988.998110409,0,1,1,1990
1860.40871162,0,1,2,1990
2799.78339981,0,1,3,1990
3648.8772209,0,1,4,1990
4525.72213498,0,1,5,1990
5459.57460407,0,1,6,1990
6344.11090081,0,1,7,1990
7272.50511831,0,1,8,1990
8178.10798345,0,1,9,1990
9067.12848821,0,1,10,1990
9910.24599582,0,1,11,1990
10844.3846498,0,1,12,1990
904.796898333,0,1,1,1991
1861.42382812,0,1,2,1991
2795.90725941,0,1,3,1991
3616.45795864,0,1,4,1991
4525.70237626,0,1,5,1991
5460.43314016,0,1,6,1991
6328.0247499,0,1,7,1991
7215.56466579,0,1,8,1991
8116.54891456,0,1,9,1991
9023.55522325,0,1,10,1991
9950.61092563,0,1,11,1991
10897.4001568,0,1,12,1991
909.860510084,0,1,1,1992
1891.98275185,0,1,2,1992
2739.54862022,0,1,3,1992
3673.48613275,0,1,4,1992
4566.68625691,0,1,5,1992
5410.32967667,0,1,6,1992
6383.72247437,0,1,7,1992
7251.04917011,0,1,8,1992
8141.48671234,0,1,9,1992
9052.62263488,0,1,10,1992
9966.47578705,0,1,11,1992
10888.0854519,0,1,12,1992
919.479275462,0,1,1,1993
1880.65248892,0,1,2,1993
2795.5687425,0,1,3,1993
3617.7262101,0,1,4,1993
4526.05926708,0,1,5,1993
5461.96854833,0,1,6,1993
6322.70916748,0,1,7,1993
7272.35676715,0,1,8,1993
8111.19507855,0,1,9,1993
9042.61072128,0,1,10,1993
9994.40476908,0,1,11,1993
10881.3962313,0,1,12,1993
971.884715017,0,1,1,1994
1856.62311585,0,1,2,1994
2789.51013397,0,1,3,1994
3670.63307729,0,1,4,1994
4554.66167024,0,1,5,1994
5483.87930077,0,1,6,1994
6349.51590504,0,1,7,1994
7234.90753769,0,1,8,1994
8120.87585463,0,1,9,1994
9023.27436397,0,1,10,1994
9983.82733987,0,1,11,1994
10869.0153619,0,1,12,1994
931.633348513,0,1,1,1995
1815.73461368,0,1,2,1995
2736.2848426,0,1,3,1995
3664.856971,0,1,4,1995
4528.17212332,0,1,5,1995
5449.2229845,0,1,6,1995
6329.50813804,0,1,7,1995
7252.01078412,0,1,8,1995
8198.27871301,0,1,9,1995
9098.68420062,0,1,10,1995
9950.06227373,0,1,11,1995
10807.4326003,0,1,12,1995
986.461179259,0,1,1,1996
1873.63413212,0,1,2,1996
2744.38052351,0,1,3,1996
3690.39890949,0,1,4,1996
4551.0486977,0,1,5,1996
5413.93267765,0,1,6,1996
6398.15104999,0,1,7,1996
7210.45657346,0,1,8,1996
8122.74022656,0,1,9,1996
9098.33620162,0,1,10,1996
9965.33634587,0,1,11,1996
10883.036501,0,1,12,1996
900.591745282,0,1,1,1997
1842.81941595,0,1,2,1997
2782.87435143,0,1,3,1997
3641.5278329,0,1,4,1997
4547.31579333,0,1,5,1997
5437.80703343,0,1,6,1997
6356.11881435,0,1,7,1997
7208.78554532,0,1,8,1997
8160.81097179,0,1,9,1997
9009.85811877,0,1,10,1997
9961.94331435,0,1,11,1997
10849.0601246,0,1,12,1997
983.454356213,0,1,1,1998
1835.14867222,0,1,2,1998
2703.28547116,0,1,3,1998
3646.54586185,0,1,4,1998
4536.49586495,0,1,5,1998
5468.63701865,0,1,6,1998
6391.33109501,0,1,7,1998
7255.25692772,0,1,8,1998
8129.90487349,0,1,9,1998
9082.04189603,0,1,10,1998
9948.12720877,0,1,11,1998
10875.722281,0,1,12,1998
913.422333111,0,1,1,1999
1847.56648309,0,1,2,1999
2742.71313915,0,1,3,1999
3602.33511867,0,1,4,1999
4586.74852167,0,1,5,1999
5426.74156022,0,1,6,1999
6345.78222194,0,1,7,1999
7259.49374033,0,1,8,1999
8136.00765534,0,1,9,1999
9014.35228112,0,1,10,1999
9979.07736886,0,1,11,1999
10877.7971023,0,1,12,1999
928.513557112,0,1,1,2000
1892.07858883,0,1,2,2000
2793.96076191,0,1,3,2000
3637.64131276,0,1,4,2000
4530.07827964,0,1,5,2000
5466.9236157,0,1,6,2000
6385.71772512,0,1,7,2000
7298.68774576,0,1,8,2000
8197.84163664,0,1,9,2000
9080.71449478,0,1,10,2000
9999.3853016,0,1,11,2000
10896.7645573,0,1,12,2000
918.291380016,0,1,1,2001
1816.58810724,0,1,2,2001
2746.62636978,0,1,3,2001
3663.36735089,0,1,4,2001
4551.57479075,0,1,5,2001
5445.17302726,0,1,6,2001
6393.56284024,0,1,7,2001
7215.25271964,0,1,8,2001
8182.20605499,0,1,9,2001
9094.71524497,0,1,10,2001
9904.91339247,0,1,11,2001
10895.2120917,0,1,12,2001
919.045106148,0,1,1,2002
1819.25829001,0,1,2,2002
2728.98428994,0,1,3,2002
3639.6079975,0,1,4,2002
4504.20656455,0,1,5,2002
5491.68902308,0,1,6,2002
6371.67562675,0,1,7,2002
7271.20337173,0,1,8,2002
8112.40134709,0,1,9,2002
9090.416028,0,1,10,2002
9929.95621043,0,1,11,2002
10857.5282345,0,1,12,2002
920.870984776,0,1,1,2003
1826.85339739,0,1,2,2003
2765.1563244,0,1,3,2003
3639.16241448,0,1,4,2003
4552.08179356,0,1,5,2003
5434.19616209,0,1,6,2003
6394.15898195,0,1,7,2003
7243.52864494,0,1,8,2003
8127.87515169,0,1,9,2003
9093.32978678,0,1,10,2003
9922.07857969,0,1,11,2003
10808.8198535,0,1,12,2003
969.472471678,0,1,1,2004
1861.12012602,0,1,2,2004
2703.80579255,0,1,3,2004
3608.91178749,0,1,4,2004
4560.03619279,0,1,5,2004
5410.38161033,0,1,6,2004
6329.53010795,0,1,7,2004
7213.60421658,0,1,8,2004
8110.68913505,0,1,9,2004
9031.13566373,0,1,10,2004
9915.45620763,0,1,11,2004
10885.7295728,0,1,12,2004
905.450942663,0,1,1,2005
1889.99686463,0,1,2,2005
2709.01610247,0,1,3,2005
3662.52025817,0,1,4,2005
4578.59984684,0,1,5,2005
5458.95855946,0,1,6,2005
6328.12600361,0,1,7,2005
7279.69832131,0,1,8,2005
8182.07963994,0,1,9,2005
9096.30242247,0,1,10,2005
9939.07983717,0,1,11,2005
10899.5993701,0,1,12,2005
987.259711853,0,1,1,2006
1817.10867454,0,1,2,2006
2755.23260162,0,1,3,2006
3637.20155403,0,1,4,2006
4588.14452217,0,1,5,2006
5431.6008398,0,1,6,2006
6398.77723681,0,1,7,2006
7289.40825615,0,1,8,2006
8115.15192706,0,1,9,2006
9034.30225054,0,1,10,2006
9956.70030013,0,1,11,2006
10888.3769361,0,1,12,2006
903.058659031,0,1,1,2007
1810.70145774,0,1,2,2007
2733.42990266,0,1,3,2007
3646.63236943,0,1,4,2007
4596.9839331,0,1,5,2007
5477.22244654,0,1,6,2007
6304.61998917,0,1,7,2007
7252.23165612,0,1,8,2007
8119.68025034,0,1,9,2007
9017.24991973,0,1,10,2007
9965.65748979,0,1,11,2007
10842.4751295,0,1,12,2007
926.965617381,0,1,1,2008
1813.76761037,0,1,2,2008
2786.21308918,0,1,3,2008
3600.71275816,0,1,4,2008
4535.07114327,0,1,5,2008
5407.15743309,0,1,6,2008
6395.75874485,0,1,7,2008
7284.86115135,0,1,8,2008
8107.66434851,0,1,9,2008
9095.65623523,0,1,10,2008
9943.87224912,0,1,11,2008
10851.9929096,0,1,12,2008
948.182524331,0,1,1,2009
1856.70855428,0,1,2,2009
2739.94442814,0,1,3,2009
3691.75058762,0,1,4,2009
4510.20723192,0,1,5,2009
5422.62499788,0,1,6,2009
6378.25642767,0,1,7,2009
7223.91010141,0,1,8,2009
8100.80152336,0,1,9,2009
9058.68520312,0,1,10,2009
9902.26618388,0,1,11,2009
10811.5279819,0,1,12,2009
907.056865778,0,1,1,2010
1861.76600334,0,1,2,2010
2799.58530505,0,1,3,2010
3605.88423197,0,1,4,2010
4544.16144591,0,1,5,2010
5425.50699488,0,1,6,2010
6398.00100726,0,1,7,2010
7200.07388562,0,1,8,2010
8121.60799931,0,1,9,2010
9086.2663468,0,1,10,2010
9914.40002149,0,1,11,2010
10834.6532521,0,1,12,2010
913.778095209,0,1,1,2011
1852.53698663,0,1,2,2011
2761.17930767,0,1,3,2011
3655.54920818,0,1,4,2011
4524.70471158,0,1,5,2011
5450.14497961,0,1,6,2011
6332.82075139,0,1,7,2011
7214.11131427,0,1,8,2011
8154.69980896,0,1,9,2011
9040.02336677,0,1,10,2011
9929.05272435,0,1,11,2011
10809.164513,0,1,12,2011
921.847462345,0,1,1,2012
1822.34348338,0,1,2,2012
2740.20928317,0,1,3,2012
3621.20462827,0,1,4,2012
4525.46684846,0,1,5,2012
5431.19961014,0,1,6,2012
6377.86604514,0,1,7,2012
7200.71569002,0,1,8,2012
8186.32962213,0,1,9,2012
9068.89219634,0,1,10,2012
9990.73009933,0,1,11,2012
10832.6330027,0,1,12,2012
920.283056856,0,1,1,2013
1862.0217162,0,1,2,2013
2753.99706676,0,1,3,2013
3686.56997763,0,1,4,2013
4594.07748654,0,1,5,2013
5454.15256297,0,1,6,2013
6398.60421396,0,1,7,2013
7299.09565228,0,1,8,2013
8178.19410416,0,1,9,2013
9017.43576006,0,1,10,2013
9905.31384051,0,1,11,2013
10892.0018675,0,1,12,2013
948.968487924,0,1,1,2014
1869.93193185,0,1,2,2014
2796.04670571,0,1,3,2014
3673.41513623,0,1,4,2014
4547.84595404,0,1,5,2014
5497.53242984,0,1,6,2014
6363.47544754,0,1,7,2014
7291.21107348,0,1,8,2014
8140.73296529,0,1,9,2014
9085.31507048,0,1,10,2014
9932.70132665,0,1,11,2014
10802.3008164,0,1,12,2014
970.270076428,0,1,1,2015
1808.70068279,0,1,2,2015
2728.42176859,0,1,3,2015
3687.60837574,0,1,4,2015
4599.41725374,0,1,5,2015
5403.38573548,0,1,6,2015
6309.12214102,0,1,7,2015
7299.84696482,0,1,8,2015
8186.21497453,0,1,9,2015
9085.01322313,0,1,10,2015
9934.71162651,0,1,11,2015
10834.8509401,0,1,12,2015
997.201671125,0,1,1,2016
1877.71752453,0,1,2,2016
2751.12555405,0,1,3,2016
3666.1959512,0,1,4,2016
4553.99816709,0,1,5,2016
5466.57460857,0,1,6,2016
6374.4807272,0,1,7,2016
7220.51964503,0,1,8,2016
8107.40177043,0,1,9,2016
9055.93353709,0,1,10,2016
9920.40688973,0,1,11,2016
10856.015137,0,1,12,2016
868.583163125,1,1,1,1990
1610.05933044,1,1,2,1990
2414.00410021,1,1,3,1990
3263.35094321,1,1,4,1990
4077.53558134,1,1,5,1990
4802.96375727,1,1,6,1990
5672.05065027,1,1,7,1990
6462.67220102,1,1,8,1990
7209.58961493,1,1,9,1990
8003.6886739,1,1,10,1990
8810.54892511,1,1,11,1990
9626.07625156,1,1,12,1990
822.569593342,1,1,1,1991
1619.63734003,1,1,2,1991
2477.72477602,1,1,3,1991
3298.32330259,1,1,4,1991
4017.34124141,1,1,5,1991
4889.87886224,1,1,6,1991
5681.5756684,1,1,7,1991
6430.36910976,1,1,8,1991
7235.16269076,1,1,9,1991
8002.05775115,1,1,10,1991
8878.41903567,1,1,11,1991
9656.16081587,1,1,12,1991
849.482075783,1,1,1,1992
1677.70855929,1,1,2,1992
2498.47630201,1,1,3,1992
3235.23268939,1,1,4,1992
4063.85990252,1,1,5,1992
4863.11652424,1,1,6,1992
5687.34992804,1,1,7,1992
6447.01118055,1,1,8,1992
7218.39726431,1,1,9,1992
8071.69532028,1,1,10,1992
8821.08511986,1,1,11,1992
9632.72896242,1,1,12,1992
890.508646405,1,1,1,1993
1638.91616006,1,1,2,1993
2473.95375522,1,1,3,1993
3263.37401108,1,1,4,1993
4084.89238476,1,1,5,1993
4880.7767939,1,1,6,1993
5632.64787713,1,1,7,1993
6457.04041452,1,1,8,1993
7244.18394062,1,1,9,1993
8038.77807471,1,1,10,1993
8869.43924409,1,1,11,1993
9613.7445744,1,1,12,1993
822.178827563,1,1,1,1994
1663.81838979,1,1,2,1994
2405.07084169,1,1,3,1994
3248.6056928,1,1,4,1994
4078.63377685,1,1,5,1994
4836.50420172,1,1,6,1994
5686.38868667,1,1,7,1994
6406.70476077,1,1,8,1994
7254.68408818,1,1,9,1994
8016.29387279,1,1,10,1994
8826.06794124,1,1,11,1994
9625.34204743,1,1,12,1994
863.824621935,1,1,1,1995
1656.42090854,1,1,2,1995
2411.9349299,1,1,3,1995
3224.21191006,1,1,4,1995
4041.89755959,1,1,5,1995
4816.47845494,1,1,6,1995
5656.83507527,1,1,7,1995
6442.2210424,1,1,8,1995
7203.7946803,1,1,9,1995
8007.52000162,1,1,10,1995
8829.02884854,1,1,11,1995
9604.87195769,1,1,12,1995
835.513013168,1,1,1,1996
1668.45000288,1,1,2,1996
2414.49780785,1,1,3,1996
3226.41387434,1,1,4,1996
4018.24828128,1,1,5,1996
4853.06900117,1,1,6,1996
5693.73126465,1,1,7,1996
6487.89881064,1,1,8,1996
7260.06103996,1,1,9,1996
8081.57189456,1,1,10,1996
8821.98257275,1,1,11,1996
9626.04975222,1,1,12,1996
878.741798515,1,1,1,1997
1694.54117536,1,1,2,1997
2433.72013609,1,1,3,1997
3219.58367237,1,1,4,1997
4010.21891396,1,1,5,1997
4893.26232282,1,1,6,1997
5692.83573826,1,1,7,1997
6474.13000394,1,1,8,1997
7256.34175274,1,1,9,1997
8036.96526631,1,1,10,1997
8863.74311373,1,1,11,1997
9697.69667976,1,1,12,1997
844.27691149,1,1,1,1998
1663.32940275,1,1,2,1998
2424.86092583,1,1,3,1998
3219.0184533,1,1,4,1998
4076.33806153,1,1,5,1998
4866.63527176,1,1,6,1998
5642.72463606,1,1,7,1998
6497.840682,1,1,8,1998
7296.28720068,1,1,9,1998
8017.55068261,1,1,10,1998
8869.73825246,1,1,11,1998
9665.07507479,1,1,12,1998
871.92262923,1,1,1,1999
1678.62097464,1,1,2,1999
2433.57947107,1,1,3,1999
3298.6336775,1,1,4,1999
4063.69653498,1,1,5,1999
4804.11844916,1,1,6,1999
5696.00586576,1,1,7,1999
6417.48201019,1,1,8,1999
7270.00126663,1,1,9,1999
8004.5950511,1,1,10,1999
8825.28428019,1,1,11,1999
9623.7042186,1,1,12,1999
863.228935621,1,1,1,2000
1641.95511577,1,1,2,2000
2429.17754728,1,1,3,2000
3241.95436465,1,1,4,2000
4020.87628762,1,1,5,2000
4832.46701645,1,1,6,2000
5600.26068488,1,1,7,2000
6483.79265049,1,1,8,2000
7223.63960663,1,1,9,2000
8062.31997311,1,1,10,2000
8828.78107631,1,1,11,2000
9660.84427549,1,1,12,2000
828.588732767,1,1,1,2001
1607.94074016,1,1,2,2001
2418.15998368,1,1,3,2001
3279.84284826,1,1,4,2001
4099.12175618,1,1,5,2001
4875.3981659,1,1,6,2001
5666.49821794,1,1,7,2001
6497.12554012,1,1,8,2001
7283.8572629,1,1,9,2001
8098.85377016,1,1,10,2001
8811.02092294,1,1,11,2001
9630.84046542,1,1,12,2001
888.454181143,1,1,1,2002
1691.18930611,1,1,2,2002
2427.28217689,1,1,3,2002
3233.97320785,1,1,4,2002
4020.29466102,1,1,5,2002
4855.70187634,1,1,6,2002
5637.4336088,1,1,7,2002
6446.92804241,1,1,8,2002
7260.08347497,1,1,9,2002
8074.99121094,1,1,10,2002
8817.55210384,1,1,11,2002
9613.76712167,1,1,12,2002
822.792735789,1,1,1,2003
1650.17433171,1,1,2,2003
2450.43314795,1,1,3,2003
3230.8817829,1,1,4,2003
4076.22912179,1,1,5,2003
4899.49650982,1,1,6,2003
5689.66994147,1,1,7,2003
6412.90696195,1,1,8,2003
7208.26620409,1,1,9,2003
8059.09063307,1,1,10,2003
8875.77757236,1,1,11,2003
9608.51125324,1,1,12,2003
823.423386803,1,1,1,2004
1651.02129557,1,1,2,2004
2432.18425418,1,1,3,2004
3221.00588871,1,1,4,2004
4016.87977592,1,1,5,2004
4885.52701717,1,1,6,2004
5621.85705311,1,1,7,2004
6434.88912849,1,1,8,2004
7275.68243703,1,1,9,2004
8095.05182096,1,1,10,2004
8836.8532538,1,1,11,2004
9603.21374548,1,1,12,2004
874.390052296,1,1,1,2005
1611.47823117,1,1,2,2005
2487.70699649,1,1,3,2005
3215.86308347,1,1,4,2005
4021.60533812,1,1,5,2005
4899.57503349,1,1,6,2005
5620.18923717,1,1,7,2005
6439.00972231,1,1,8,2005
7259.25518013,1,1,9,2005
8026.88423515,1,1,10,2005
8833.13692179,1,1,11,2005
9684.70678256,1,1,12,2005
858.790289513,1,1,1,2006
1659.47439445,1,1,2,2006
2418.52775518,1,1,3,2006
3290.66109154,1,1,4,2006
4050.66892809,1,1,5,2006
4800.20053881,1,1,6,2006
5671.78478749,1,1,7,2006
6496.35157511,1,1,8,2006
7240.68431811,1,1,9,2006
8098.37091437,1,1,10,2006
8815.85395968,1,1,11,2006
9682.89611533,1,1,12,2006
895.525718999,1,1,1,2007
1600.23900823,1,1,2,2007
2471.68587752,1,1,3,2007
3280.92617321,1,1,4,2007
4057.52597078,1,1,5,2007
4885.40318263,1,1,6,2007
5698.59406008,1,1,7,2007
6441.08446241,1,1,8,2007
7243.62234436,1,1,9,2007
8087.20737404,1,1,10,2007
8816.95390408,1,1,11,2007
9697.23507518,1,1,12,2007
847.978984491,1,1,1,2008
1648.72281393,1,1,2,2008
2426.71840241,1,1,3,2008
3281.02863774,1,1,4,2008
4071.43327666,1,1,5,2008
4876.59135856,1,1,6,2008
5663.54498405,1,1,7,2008
6406.35153056,1,1,8,2008
7235.44417005,1,1,9,2008
8067.32427815,1,1,10,2008
8886.85042838,1,1,11,2008
9613.02492112,1,1,12,2008
891.536502902,1,1,1,2009
1669.65095933,1,1,2,2009
2434.67921099,1,1,3,2009
3249.0474821,1,1,4,2009
4038.60512778,1,1,5,2009
4830.72171984,1,1,6,2009
5616.5670387,1,1,7,2009
6412.6452793,1,1,8,2009
7208.36092619,1,1,9,2009
8076.41207145,1,1,10,2009
8824.93023392,1,1,11,2009
9630.45982329,1,1,12,2009
876.136476375,1,1,1,2010
1694.66464589,1,1,2,2010
2408.88397081,1,1,3,2010
3236.00901296,1,1,4,2010
4082.36754709,1,1,5,2010
4873.05227523,1,1,6,2010
5689.63456746,1,1,7,2010
6438.19506663,1,1,8,2010
7255.04519548,1,1,9,2010
8021.46356196,1,1,10,2010
8889.66102849,1,1,11,2010
9694.55966467,1,1,12,2010
835.505112148,1,1,1,2011
1644.60313391,1,1,2,2011
2410.70116702,1,1,3,2011
3207.68106679,1,1,4,2011
4098.94592211,1,1,5,2011
4826.97035829,1,1,6,2011
5684.58263302,1,1,7,2011
6433.3331171,1,1,8,2011
7225.22645261,1,1,9,2011
8085.12239357,1,1,10,2011
8811.61798986,1,1,11,2011
9613.97127177,1,1,12,2011
816.72445365,1,1,1,2012
1613.07904715,1,1,2,2012
2470.48582046,1,1,3,2012
3268.81799898,1,1,4,2012
4060.46004475,1,1,5,2012
4812.41311946,1,1,6,2012
5665.6870987,1,1,7,2012
6492.26378834,1,1,8,2012
7262.96747723,1,1,9,2012
8057.87300171,1,1,10,2012
8826.14374269,1,1,11,2012
9689.49915383,1,1,12,2012
881.761289208,1,1,1,2013
1617.30284001,1,1,2,2013
2412.06716811,1,1,3,2013
3299.03239884,1,1,4,2013
4039.84942048,1,1,5,2013
4814.36345789,1,1,6,2013
5609.8132475,1,1,7,2013
6441.90698781,1,1,8,2013
7233.03067171,1,1,9,2013
8063.79040028,1,1,10,2013
8895.72880653,1,1,11,2013
9671.24171794,1,1,12,2013
838.166968542,1,1,1,2014
1664.49878913,1,1,2,2014
2482.13883223,1,1,3,2014
3220.77566482,1,1,4,2014
4033.97475829,1,1,5,2014
4876.63870928,1,1,6,2014
5680.16299439,1,1,7,2014
6471.60448534,1,1,8,2014
7281.03095654,1,1,9,2014
8095.4435316,1,1,10,2014
8806.06194088,1,1,11,2014
9656.83824002,1,1,12,2014
858.325040848,1,1,1,2015
1685.33429465,1,1,2,2015
2402.11452637,1,1,3,2015
3248.42513883,1,1,4,2015
4011.82075509,1,1,5,2015
4807.99631677,1,1,6,2015
5621.38372237,1,1,7,2015
6416.50861061,1,1,8,2015
7265.40470769,1,1,9,2015
8028.42153324,1,1,10,2015
8844.4803014,1,1,11,2015
9612.5105131,1,1,12,2015
884.098758407,1,1,1,2016
1649.25227482,1,1,2,2016
2493.07305173,1,1,3,2016
3252.42558431,1,1,4,2016
4032.75774177,1,1,5,2016
4837.91951842,1,1,6,2016
5618.69730742,1,1,7,2016
6466.34202823,1,1,8,2016
7210.37804106,1,1,9,2016
8095.61715783,1,1,10,2016
8890.22390958,1,1,11,2016
9660.47124314,1,1,12,2016
702.889432824,2,1,1,1990
1418.34473676,2,1,2,1990
2167.48385363,2,1,3,1990
2857.75542104,2,1,4,1990
3574.93078361,2,1,5,1990
4293.51713942,2,1,6,1990
4930.98886954,2,1,7,1990
5613.4874032,2,1,8,1990
6340.17703206,2,1,9,1990
7001.85076956,2,1,10,1990
7729.97135506,2,1,11,1990
8489.20828419,2,1,12,1990
790.785346741,2,1,1,1991
1477.79957379,2,1,2,1991
2122.21140647,2,1,3,1991
2843.11883615,2,1,4,1991
3550.33352432,2,1,5,1991
4210.07366872,2,1,6,1991
4948.41536043,2,1,7,1991
5653.81871258,2,1,8,1991
6320.85147708,2,1,9,1991
7057.63471766,2,1,10,1991
7756.82496826,2,1,11,1991
8453.29813307,2,1,12,1991
776.98702381,2,1,1,1992
1456.78586366,2,1,2,1992
2119.15118976,2,1,3,1992
2809.77773917,2,1,4,1992
3548.88688158,2,1,5,1992
4206.67451764,2,1,6,1992
4936.02053902,2,1,7,1992
5675.30792273,2,1,8,1992
6318.90091222,2,1,9,1992
7031.32542062,2,1,10,1992
7792.22200038,2,1,11,1992
8470.09891247,2,1,12,1992
790.099725248,2,1,1,1993
1400.01482538,2,1,2,1993
2180.40113267,2,1,3,1993
2887.36161728,2,1,4,1993
3580.09649973,2,1,5,1993
4235.34534366,2,1,6,1993
4977.28922867,2,1,7,1993
5688.06612565,2,1,8,1993
6359.52262179,2,1,9,1993
7004.5720847,2,1,10,1993
7796.84328379,2,1,11,1993
8422.12174878,2,1,12,1993
739.039362806,2,1,1,1994
1406.04156765,2,1,2,1994
2194.35453641,2,1,3,1994
2855.97133915,2,1,4,1994
3527.13364198,2,1,5,1994
4240.07818343,2,1,6,1994
4971.92737851,2,1,7,1994
5694.31623103,2,1,8,1994
6377.91411801,2,1,9,1994
7099.05491082,2,1,10,1994
7704.29960373,2,1,11,1994
8437.98829147,2,1,12,1994
713.256824053,2,1,1,1995
1435.06983322,2,1,2,1995
2101.81209273,2,1,3,1995
2899.81952003,2,1,4,1995
3598.58751133,2,1,5,1995
4277.40602334,2,1,6,1995
4910.18152117,2,1,7,1995
5616.64551716,2,1,8,1995
6352.11461209,2,1,9,1995
7020.74920664,2,1,10,1995
7735.07901796,2,1,11,1995
8484.4177816,2,1,12,1995
739.92570962,2,1,1,1996
1418.6376462,2,1,2,1996
2183.68613508,2,1,3,1996
2856.99620004,2,1,4,1996
3584.57811095,2,1,5,1996
4206.36415078,2,1,6,1996
4925.01939179,2,1,7,1996
5676.35458775,2,1,8,1996
6311.96857895,2,1,9,1996
7064.97181513,2,1,10,1996
7791.93010636,2,1,11,1996
8458.6292493,2,1,12,1996
727.644009454,2,1,1,1997
1413.84589925,2,1,2,1997
2185.43537235,2,1,3,1997
2863.73112619,2,1,4,1997
3597.9086097,2,1,5,1997
4232.16220117,2,1,6,1997
4992.44220679,2,1,7,1997
5661.72568839,2,1,8,1997
6366.69770712,2,1,9,1997
7008.62253695,2,1,10,1997
7782.3259905,2,1,11,1997
8435.73041897,2,1,12,1997
733.172036547,2,1,1,1998
1499.6475017,2,1,2,1998
2191.80071839,2,1,3,1998
2874.82255386,2,1,4,1998
3543.42528476,2,1,5,1998
4255.00811029,2,1,6,1998
4907.10653257,2,1,7,1998
5613.93138567,2,1,8,1998
6366.59819251,2,1,9,1998
7044.03965374,2,1,10,1998
7785.23901624,2,1,11,1998
8439.98190051,2,1,12,1998
774.266111607,2,1,1,1999
1429.5539612,2,1,2,1999
2159.85199794,2,1,3,1999
2898.86956001,2,1,4,1999
3568.40235068,2,1,5,1999
4296.26312714,2,1,6,1999
4947.98521598,2,1,7,1999
5647.42720348,2,1,8,1999
6385.43856721,2,1,9,1999
7067.14139164,2,1,10,1999
7736.79738862,2,1,11,1999
8472.13577206,2,1,12,1999
704.500890514,2,1,1,2000
1493.91338996,2,1,2,2000
2172.78314507,2,1,3,2000
2854.31170037,2,1,4,2000
3505.76032214,2,1,5,2000
4241.42258373,2,1,6,2000
4996.66304593,2,1,7,2000
5674.24333218,2,1,8,2000
6340.47639442,2,1,9,2000
7029.37615525,2,1,10,2000
7717.97625036,2,1,11,2000
8438.27271894,2,1,12,2000
730.759328868,2,1,1,2001
1445.61645887,2,1,2,2001
2129.33044499,2,1,3,2001
2841.13597271,2,1,4,2001
3599.62169275,2,1,5,2001
4204.18740421,2,1,6,2001
4994.98823573,2,1,7,2001
5617.28475414,2,1,8,2001
6393.25197022,2,1,9,2001
7095.34105253,2,1,10,2001
7701.61201708,2,1,11,2001
8451.02275142,2,1,12,2001
784.447210134,2,1,1,2002
1427.91933111,2,1,2,2002
2165.42416804,2,1,3,2002
2864.13832003,2,1,4,2002
3522.13908118,2,1,5,2002
4289.53339491,2,1,6,2002
4977.85876563,2,1,7,2002
5615.26261206,2,1,8,2002
6330.42349359,2,1,9,2002
7009.35742901,2,1,10,2002
7768.42223358,2,1,11,2002
8480.4409338,2,1,12,2002
799.620283441,2,1,1,2003
1452.57814629,2,1,2,2003
2171.53157435,2,1,3,2003
2895.25067888,2,1,4,2003
3546.16641238,2,1,5,2003
4298.35161828,2,1,6,2003
4931.38840688,2,1,7,2003
5604.51393696,2,1,8,2003
6382.37837975,2,1,9,2003
7065.06846713,2,1,10,2003
7718.84372604,2,1,11,2003
8436.36265946,2,1,12,2003
780.551651049,2,1,1,2004
1413.60806788,2,1,2,2004
2121.53927951,2,1,3,2004
2874.98705524,2,1,4,2004
3557.44749561,2,1,5,2004
4253.29913007,2,1,6,2004
4979.84217047,2,1,7,2004
5622.83068677,2,1,8,2004
6393.49776189,2,1,9,2004
7062.20233273,2,1,10,2004
7734.23217249,2,1,11,2004
8487.23705112,2,1,12,2004
723.735889064,2,1,1,2005
1492.97107783,2,1,2,2005
2166.79457489,2,1,3,2005
2830.04485614,2,1,4,2005
3595.7228734,2,1,5,2005
4274.50177008,2,1,6,2005
4973.05140779,2,1,7,2005
5657.25162417,2,1,8,2005
6332.74902914,2,1,9,2005
7068.43461046,2,1,10,2005
7750.08624665,2,1,11,2005
8434.43847902,2,1,12,2005
745.802646757,2,1,1,2006
1446.73973352,2,1,2,2006
2101.03647617,2,1,3,2006
2892.40502168,2,1,4,2006
3516.26463684,2,1,5,2006
4216.85468421,2,1,6,2006
4901.62734558,2,1,7,2006
5610.43197673,2,1,8,2006
6318.58770109,2,1,9,2006
7074.97706923,2,1,10,2006
7731.39712641,2,1,11,2006
8497.31690742,2,1,12,2006
746.953548249,2,1,1,2007
1468.4307314,2,1,2,2007
2114.58709484,2,1,3,2007
2861.82283852,2,1,4,2007
3573.31884632,2,1,5,2007
4246.67438927,2,1,6,2007
4905.06767116,2,1,7,2007
5650.60381443,2,1,8,2007
6390.88151404,2,1,9,2007
7016.66310073,2,1,10,2007
7716.15492489,2,1,11,2007
8493.20605259,2,1,12,2007
730.807892656,2,1,1,2008
1443.58617643,2,1,2,2008
2199.27248504,2,1,3,2008
2868.00126504,2,1,4,2008
3588.25775606,2,1,5,2008
4214.86864109,2,1,6,2008
4953.56134808,2,1,7,2008
5691.37494572,2,1,8,2008
6321.16085318,2,1,9,2008
7095.26921629,2,1,10,2008
7708.92071102,2,1,11,2008
8466.12208791,2,1,12,2008
743.440703183,2,1,1,2009
1426.95046586,2,1,2,2009
2140.83521071,2,1,3,2009
2815.46708937,2,1,4,2009
3550.81858798,2,1,5,2009
4229.14315782,2,1,6,2009
4943.79793184,2,1,7,2009
5637.12957357,2,1,8,2009
6307.62270272,2,1,9,2009
7092.55607872,2,1,10,2009
7705.27839481,2,1,11,2009
8444.54423319,2,1,12,2009
707.984948095,2,1,1,2010
1454.40933213,2,1,2,2010
2126.4292183,2,1,3,2010
2871.98438455,2,1,4,2010
3585.56425881,2,1,5,2010
4266.43907674,2,1,6,2010
4924.38862694,2,1,7,2010
5691.01128746,2,1,8,2010
6396.93014565,2,1,9,2010
7064.67280737,2,1,10,2010
7743.812725,2,1,11,2010
8416.19436345,2,1,12,2010
779.856536144,2,1,1,2011
1447.70065396,2,1,2,2011
2138.37365459,2,1,3,2011
2864.81100399,2,1,4,2011
3580.86254049,2,1,5,2011
4298.4936936,2,1,6,2011
4997.28401221,2,1,7,2011
5613.10378786,2,1,8,2011
6350.21343333,2,1,9,2011
7046.15428046,2,1,10,2011
7794.40205132,2,1,11,2011
8423.35791588,2,1,12,2011
712.889967021,2,1,1,2012
1432.65282964,2,1,2,2012
2114.45348035,2,1,3,2012
2814.08305798,2,1,4,2012
3548.11412369,2,1,5,2012
4286.55255624,2,1,6,2012
4965.57849827,2,1,7,2012
5688.72078081,2,1,8,2012
6352.29749162,2,1,9,2012
7098.46556051,2,1,10,2012
7757.16475942,2,1,11,2012
8416.25875512,2,1,12,2012
774.900181777,2,1,1,2013
1485.9725452,2,1,2,2013
2112.99978451,2,1,3,2013
2823.52956135,2,1,4,2013
3549.31765399,2,1,5,2013
4260.36922828,2,1,6,2013
4986.55775818,2,1,7,2013
5633.38524828,2,1,8,2013
6397.92861345,2,1,9,2013
7039.79337485,2,1,10,2013
7729.17782158,2,1,11,2013
8413.27198606,2,1,12,2013
757.66237599,2,1,1,2014
1453.83955273,2,1,2,2014
2175.98903809,2,1,3,2014
2887.45202508,2,1,4,2014
3558.43624224,2,1,5,2014
4254.94966228,2,1,6,2014
4984.39497116,2,1,7,2014
5684.34746454,2,1,8,2014
6347.07884719,2,1,9,2014
7066.73919007,2,1,10,2014
7797.33901883,2,1,11,2014
8451.0920354,2,1,12,2014
703.807884217,2,1,1,2015
1413.29320986,2,1,2,2015
2109.21222145,2,1,3,2015
2854.70070446,2,1,4,2015
3511.52161283,2,1,5,2015
4267.11094502,2,1,6,2015
4922.39631341,2,1,7,2015
5647.47701603,2,1,8,2015
6377.75986662,2,1,9,2015
7047.06532267,2,1,10,2015
7715.51397325,2,1,11,2015
8413.12987738,2,1,12,2015
757.485354838,2,1,1,2016
1437.24499434,2,1,2,2016
2180.48143777,2,1,3,2016
2850.3598034,2,1,4,2016
3513.81845326,2,1,5,2016
4209.73636757,2,1,6,2016
4941.42038149,2,1,7,2016
5622.35326263,2,1,8,2016
6308.14847047,2,1,9,2016
7052.49109594,2,1,10,2016
7750.85373533,2,1,11,2016
8472.71649192,2,1,12,2016
649.000181218,3,1,1,1990
1237.3350602,3,1,2,1990
1853.06621705,3,1,3,1990
2477.51279265,3,1,4,1990
3007.94433822,3,1,5,1990
3662.45465694,3,1,6,1990
4272.07176441,3,1,7,1990
4828.00426408,3,1,8,1990
5450.94794019,3,1,9,1990
6009.72802054,3,1,10,1990
6631.9127951,3,1,11,1990
7271.81967671,3,1,12,1990
656.513998757,3,1,1,1991
1210.12672954,3,1,2,1991
1889.98047646,3,1,3,1991
2487.2024491,3,1,4,1991
3013.23700855,3,1,5,1991
3665.20189778,3,1,6,1991
4269.75790061,3,1,7,1991
4818.52861038,3,1,8,1991
5470.12628855,3,1,9,1991
6086.38383065,3,1,10,1991
6602.05822021,3,1,11,1991
7235.18892574,3,1,12,1991
696.381492548,3,1,1,1992
1284.00367313,3,1,2,1992
1842.23421904,3,1,3,1992
2448.47812126,3,1,4,1992
3016.79721424,3,1,5,1992
3615.93298282,3,1,6,1992
4249.54289323,3,1,7,1992
4835.50553433,3,1,8,1992
5457.66195145,3,1,9,1992
6009.44177811,3,1,10,1992
6684.12608378,3,1,11,1992
7243.61711112,3,1,12,1992
663.976029314,3,1,1,1993
1297.49506451,3,1,2,1993
1802.85325186,3,1,3,1993
2403.98712845,3,1,4,1993
3045.79474204,3,1,5,1993
3666.15200638,3,1,6,1993
4260.21179302,3,1,7,1993
4846.3014333,3,1,8,1993
5413.90652342,3,1,9,1993
6001.0855509,3,1,10,1993
6661.59466998,3,1,11,1993
7234.48071691,3,1,12,1993
612.089085549,3,1,1,1994
1280.83533417,3,1,2,1994
1896.11821081,3,1,3,1994
2464.26717093,3,1,4,1994
3071.02548032,3,1,5,1994
3611.69703808,3,1,6,1994
4258.20599128,3,1,7,1994
4809.77574315,3,1,8,1994
5498.06996753,3,1,9,1994
6043.53952427,3,1,10,1994
6622.869244,3,1,11,1994
7209.71805864,3,1,12,1994
654.911019014,3,1,1,1995
1212.46740006,3,1,2,1995
1852.56184575,3,1,3,1995
2432.24048485,3,1,4,1995
3071.01694182,3,1,5,1995
3662.94783948,3,1,6,1995
4270.51473089,3,1,7,1995
4817.23252134,3,1,8,1995
5439.14195031,3,1,9,1995
6086.70986887,3,1,10,1995
6651.6565172,3,1,11,1995
7228.27934468,3,1,12,1995
650.838440836,3,1,1,1996
1231.73111189,3,1,2,1996
1862.07727744,3,1,3,1996
2472.22004249,3,1,4,1996
3057.30325999,3,1,5,1996
3606.04965465,3,1,6,1996
4297.91961742,3,1,7,1996
4892.34290106,3,1,8,1996
5475.28671397,3,1,9,1996
6011.1366349,3,1,10,1996
6667.00827513,3,1,11,1996
7252.93566059,3,1,12,1996
622.319408372,3,1,1,1997
1213.09419553,3,1,2,1997
1892.35992069,3,1,3,1997
2486.28567064,3,1,4,1997
3044.14224488,3,1,5,1997
3674.54485518,3,1,6,1997
4238.83061261,3,1,7,1997
4891.30402893,3,1,8,1997
5435.19477054,3,1,9,1997
6086.13939334,3,1,10,1997
6600.2062464,3,1,11,1997
7225.92397472,3,1,12,1997
697.2385918,3,1,1,1998
1237.33402422,3,1,2,1998
1841.01477423,3,1,3,1998
2413.64359841,3,1,4,1998
3054.10903325,3,1,5,1998
3677.70604772,3,1,6,1998
4264.6111135,3,1,7,1998
4827.72781785,3,1,8,1998
5498.76322787,3,1,9,1998
6096.10783707,3,1,10,1998
6611.15663845,3,1,11,1998
7266.77275577,3,1,12,1998
612.986192531,3,1,1,1999
1223.09086017,3,1,2,1999
1843.51902124,3,1,3,1999
2476.15772988,3,1,4,1999
3026.30535578,3,1,5,1999
3646.04244595,3,1,6,1999
4232.6656351,3,1,7,1999
4812.27009002,3,1,8,1999
5414.66140544,3,1,9,1999
6071.34448838,3,1,10,1999
6677.21729595,3,1,11,1999
7212.58485062,3,1,12,1999
663.327701599,3,1,1,2000
1204.80726531,3,1,2,2000
1896.19922953,3,1,3,2000
2444.11464747,3,1,4,2000
3074.9657948,3,1,5,2000
3678.35867513,3,1,6,2000
4232.63076511,3,1,7,2000
4879.28395263,3,1,8,2000
5416.46085509,3,1,9,2000
6061.95076095,3,1,10,2000
6694.97343764,3,1,11,2000
7241.77022697,3,1,12,2000
631.635717598,3,1,1,2001
1210.7019649,3,1,2,2001
1832.25997583,3,1,3,2001
2444.07904405,3,1,4,2001
3024.27984321,3,1,5,2001
3669.04302174,3,1,6,2001
4256.25986115,3,1,7,2001
4856.65396693,3,1,8,2001
5465.43795486,3,1,9,2001
6052.04387101,3,1,10,2001
6635.87753658,3,1,11,2001
7277.9991813,3,1,12,2001
626.166264919,3,1,1,2002
1216.84518626,3,1,2,2002
1896.29694933,3,1,3,2002
2460.23098066,3,1,4,2002
3064.69786351,3,1,5,2002
3698.1291141,3,1,6,2002
4224.8533946,3,1,7,2002
4827.95684623,3,1,8,2002
5483.3956496,3,1,9,2002
6030.05615517,3,1,10,2002
6640.09316443,3,1,11,2002
7228.75273367,3,1,12,2002
610.103358845,3,1,1,2003
1225.00181183,3,1,2,2003
1862.96888235,3,1,3,2003
2471.83840417,3,1,4,2003
3099.15862026,3,1,5,2003
3654.34428565,3,1,6,2003
4299.81881327,3,1,7,2003
4832.14188607,3,1,8,2003
5486.40548771,3,1,9,2003
6079.91020992,3,1,10,2003
6656.6862554,3,1,11,2003
7200.5813244,3,1,12,2003
687.641842841,3,1,1,2004
1297.37672487,3,1,2,2004
1852.4230687,3,1,3,2004
2470.64273126,3,1,4,2004
3027.26578973,3,1,5,2004
3607.44898251,3,1,6,2004
4249.42832459,3,1,7,2004
4817.73295911,3,1,8,2004
5410.93842791,3,1,9,2004
6089.21956346,3,1,10,2004
6622.73586928,3,1,11,2004
7203.13004043,3,1,12,2004
645.170163747,3,1,1,2005
1271.42172187,3,1,2,2005
1833.11613576,3,1,3,2005
2487.93205487,3,1,4,2005
3086.76943758,3,1,5,2005
3691.89834663,3,1,6,2005
4251.85718561,3,1,7,2005
4812.93451405,3,1,8,2005
5400.71211869,3,1,9,2005
6087.91834229,3,1,10,2005
6652.11506203,3,1,11,2005
7242.51334544,3,1,12,2005
638.755983065,3,1,1,2006
1218.73565358,3,1,2,2006
1880.47819945,3,1,3,2006
2476.71955361,3,1,4,2006
3010.12044377,3,1,5,2006
3621.8400782,3,1,6,2006
4268.29616017,3,1,7,2006
4803.67450763,3,1,8,2006
5455.29644641,3,1,9,2006
6014.08258619,3,1,10,2006
6658.57567886,3,1,11,2006
7273.4569439,3,1,12,2006
683.771117751,3,1,1,2007
1272.13010978,3,1,2,2007
1813.83473854,3,1,3,2007
2406.87649983,3,1,4,2007
3093.5081258,3,1,5,2007
3608.44106601,3,1,6,2007
4214.96173226,3,1,7,2007
4857.40300853,3,1,8,2007
5491.10011713,3,1,9,2007
6002.20819011,3,1,10,2007
6690.27652973,3,1,11,2007
7255.12265216,3,1,12,2007
612.471303168,3,1,1,2008
1279.89406442,3,1,2,2008
1856.50012567,3,1,3,2008
2470.81055033,3,1,4,2008
3070.6234227,3,1,5,2008
3655.83777879,3,1,6,2008
4237.07355575,3,1,7,2008
4880.66988725,3,1,8,2008
5446.67538342,3,1,9,2008
6010.15645669,3,1,10,2008
6679.77919253,3,1,11,2008
7273.41555593,3,1,12,2008
693.266780455,3,1,1,2009
1261.68347221,3,1,2,2009
1827.10390393,3,1,3,2009
2497.40344917,3,1,4,2009
3031.91472327,3,1,5,2009
3629.39913955,3,1,6,2009
4240.22686007,3,1,7,2009
4835.88678218,3,1,8,2009
5477.19233227,3,1,9,2009
6070.68650595,3,1,10,2009
6668.800583,3,1,11,2009
7285.25884399,3,1,12,2009
661.172994289,3,1,1,2010
1273.22415678,3,1,2,2010
1872.46592769,3,1,3,2010
2403.9010126,3,1,4,2010
3097.60319134,3,1,5,2010
3616.25601858,3,1,6,2010
4211.26899875,3,1,7,2010
4812.25942298,3,1,8,2010
5466.55869829,3,1,9,2010
6008.51976941,3,1,10,2010
6654.56438049,3,1,11,2010
7296.03165099,3,1,12,2010
613.716755653,3,1,1,2011
1210.15297557,3,1,2,2011
1838.70716564,3,1,3,2011
2483.12855441,3,1,4,2011
3016.28472666,3,1,5,2011
3672.29426095,3,1,6,2011
4209.86165958,3,1,7,2011
4836.59596617,3,1,8,2011
5458.45377198,3,1,9,2011
6013.14216881,3,1,10,2011
6631.19978067,3,1,11,2011
7275.72715709,3,1,12,2011
677.968935906,3,1,1,2012
1295.08014498,3,1,2,2012
1884.68300567,3,1,3,2012
2451.90131104,3,1,4,2012
3011.40925706,3,1,5,2012
3613.35545745,3,1,6,2012
4216.61668989,3,1,7,2012
4866.95551389,3,1,8,2012
5474.8572267,3,1,9,2012
6030.68000129,3,1,10,2012
6673.89070606,3,1,11,2012
7209.14917256,3,1,12,2012
684.703931723,3,1,1,2013
1283.98345004,3,1,2,2013
1876.30741419,3,1,3,2013
2454.05294633,3,1,4,2013
3017.31887518,3,1,5,2013
3622.26717721,3,1,6,2013
4222.31175348,3,1,7,2013
4813.87280021,3,1,8,2013
5425.26216537,3,1,9,2013
6008.93884345,3,1,10,2013
6665.54575486,3,1,11,2013
7286.46851225,3,1,12,2013
634.904511778,3,1,1,2014
1287.88783863,3,1,2,2014
1811.74452,3,1,3,2014
2424.01697832,3,1,4,2014
3095.30953917,3,1,5,2014
3664.48986418,3,1,6,2014
4276.161762,3,1,7,2014
4896.88144555,3,1,8,2014
5432.20976843,3,1,9,2014
6037.48238691,3,1,10,2014
6691.62257658,3,1,11,2014
7259.70128711,3,1,12,2014
602.507527648,3,1,1,2015
1272.89685393,3,1,2,2015
1813.89990136,3,1,3,2015
2486.98831469,3,1,4,2015
3000.73010944,3,1,5,2015
3667.74623149,3,1,6,2015
4220.56334803,3,1,7,2015
4818.54758284,3,1,8,2015
5492.20472201,3,1,9,2015
6046.76610594,3,1,10,2015
6699.04266841,3,1,11,2015
7292.95209013,3,1,12,2015
656.102267495,3,1,1,2016
1227.13437942,3,1,2,2016
1867.85800713,3,1,3,2016
2474.39815538,3,1,4,2016
3024.90153698,3,1,5,2016
3654.89341332,3,1,6,2016
4200.20193517,3,1,7,2016
4850.67186497,3,1,8,2016
5445.79113742,3,1,9,2016
6084.40119087,3,1,10,2016
6625.90564352,3,1,11,2016
7294.36916609,3,1,12,2016
527.212360051,4,1,1,1990
1070.34515527,4,1,2,1990
1543.40485493,4,1,3,1990
2090.9528273,4,1,4,1990
2514.81719715,4,1,5,1990
3039.03534332,4,1,6,1990
3596.31419912,4,1,7,1990
4075.61426059,4,1,8,1990
4554.32231499,4,1,9,1990
5024.41050696,4,1,10,1990
5534.68593801,4,1,11,1990
6096.92373983,4,1,12,1990
552.208504697,4,1,1,1991
1089.67616009,4,1,2,1991
1590.84427777,4,1,3,1991
2078.43445584,4,1,4,1991
2565.33088072,4,1,5,1991
3077.28726162,4,1,6,1991
3555.22265467,4,1,7,1991
4053.79943367,4,1,8,1991
4563.87292756,4,1,9,1991
5070.84424732,4,1,10,1991
5532.53237995,4,1,11,1991
6097.5430854,4,1,12,1991
521.038307453,4,1,1,1992
1001.78310577,4,1,2,1992
1572.43775969,4,1,3,1992
2096.42885642,4,1,4,1992
2525.52831575,4,1,5,1992
3023.01897166,4,1,6,1992
3563.2263939,4,1,7,1992
4025.13264514,4,1,8,1992
4595.2101327,4,1,9,1992
5054.13919556,4,1,10,1992
5524.11969438,4,1,11,1992
6056.00402614,4,1,12,1992
580.183437688,4,1,1,1993
1068.41849939,4,1,2,1993
1540.80442089,4,1,3,1993
2085.18812132,4,1,4,1993
2593.44051609,4,1,5,1993
3094.01748296,4,1,6,1993
3504.54634139,4,1,7,1993
4002.16894823,4,1,8,1993
4595.51110198,4,1,9,1993
5022.20642648,4,1,10,1993
5591.97439553,4,1,11,1993
6072.59692652,4,1,12,1993
520.778972551,4,1,1,1994
1005.64454327,4,1,2,1994
1547.94512791,4,1,3,1994
2099.16413676,4,1,4,1994
2521.58530174,4,1,5,1994
3031.40229183,4,1,6,1994
3512.87644604,4,1,7,1994
4094.1743698,4,1,8,1994
4560.27772748,4,1,9,1994
5005.03039576,4,1,10,1994
5579.53076359,4,1,11,1994
6034.35043808,4,1,12,1994
544.322085767,4,1,1,1995
1070.60414246,4,1,2,1995
1545.39278573,4,1,3,1995
2017.49136358,4,1,4,1995
2595.62186431,4,1,5,1995
3050.7900121,4,1,6,1995
3549.05467894,4,1,7,1995
4080.42066872,4,1,8,1995
4560.5332255,4,1,9,1995
5026.75680254,4,1,10,1995
5592.72469289,4,1,11,1995
6015.63483418,4,1,12,1995
564.426283943,4,1,1,1996
1045.13648844,4,1,2,1996
1530.12070105,4,1,3,1996
2062.83697517,4,1,4,1996
2556.05727141,4,1,5,1996
3020.55362473,4,1,6,1996
3566.99077742,4,1,7,1996
4040.95978402,4,1,8,1996
4588.6711382,4,1,9,1996
5024.70009684,4,1,10,1996
5583.44967019,4,1,11,1996
6023.15243698,4,1,12,1996
599.435697407,4,1,1,1997
1033.98440556,4,1,2,1997
1519.49324489,4,1,3,1997
2066.5423019,4,1,4,1997
2520.8728212,4,1,5,1997
3041.26125619,4,1,6,1997
3552.55479146,4,1,7,1997
4026.69171245,4,1,8,1997
4542.01803299,4,1,9,1997
5057.3419012,4,1,10,1997
5586.34888574,4,1,11,1997
6054.93895183,4,1,12,1997
549.234416831,4,1,1,1998
1092.70238372,4,1,2,1998
1530.50528911,4,1,3,1998
2046.2270461,4,1,4,1998
2543.3288076,4,1,5,1998
3023.40804929,4,1,6,1998
3538.34110797,4,1,7,1998
4045.90356519,4,1,8,1998
4565.24109622,4,1,9,1998
5091.10909004,4,1,10,1998
5571.16108252,4,1,11,1998
6051.70842223,4,1,12,1998
542.131057928,4,1,1,1999
1010.78172064,4,1,2,1999
1537.89203995,4,1,3,1999
2064.36561154,4,1,4,1999
2556.97383385,4,1,5,1999
3040.13220971,4,1,6,1999
3567.89596816,4,1,7,1999
4003.13158007,4,1,8,1999
4577.22581403,4,1,9,1999
5019.5259558,4,1,10,1999
5573.81928418,4,1,11,1999
6073.05462419,4,1,12,1999
520.840049385,4,1,1,2000
1042.93835231,4,1,2,2000
1564.8232116,4,1,3,2000
2037.783638,4,1,4,2000
2524.38590014,4,1,5,2000
3013.80138702,4,1,6,2000
3550.92801849,4,1,7,2000
4011.28081647,4,1,8,2000
4547.4806077,4,1,9,2000
5047.27197808,4,1,10,2000
5577.26158851,4,1,11,2000
6044.74281696,4,1,12,2000
566.357923581,4,1,1,2001
1081.34199087,4,1,2,2001
1592.24057778,4,1,3,2001
2082.78191701,4,1,4,2001
2524.792762,4,1,5,2001
3024.2281059,4,1,6,2001
3569.82521212,4,1,7,2001
4017.44836782,4,1,8,2001
4527.65716694,4,1,9,2001
5021.85328773,4,1,10,2001
5521.77039567,4,1,11,2001
6069.38518839,4,1,12,2001
533.833375328,4,1,1,2002
1067.79884984,4,1,2,2002
1520.45319624,4,1,3,2002
2034.84633095,4,1,4,2002
2523.02331358,4,1,5,2002
3038.33088546,4,1,6,2002
3591.49306766,4,1,7,2002
4001.37134584,4,1,8,2002
4574.53694726,4,1,9,2002
5083.18562921,4,1,10,2002
5500.52006528,4,1,11,2002
6010.93183576,4,1,12,2002
502.488588778,4,1,1,2003
1002.21362153,4,1,2,2003
1545.36142279,4,1,3,2003
2001.88023143,4,1,4,2003
2531.52873197,4,1,5,2003
3033.47910107,4,1,6,2003
3530.5730616,4,1,7,2003
4022.3501212,4,1,8,2003
4505.6218915,4,1,9,2003
5024.39721223,4,1,10,2003
5577.47300095,4,1,11,2003
6096.00093015,4,1,12,2003
503.122415723,4,1,1,2004
1001.40983029,4,1,2,2004
1519.4391212,4,1,3,2004
2044.57204646,4,1,4,2004
2511.12907258,4,1,5,2004
3093.31414999,4,1,6,2004
3570.06152118,4,1,7,2004
4084.61766535,4,1,8,2004
4574.75316277,4,1,9,2004
5048.73609533,4,1,10,2004
5537.22261617,4,1,11,2004
6064.23429645,4,1,12,2004
596.435557176,4,1,1,2005
1037.29788277,4,1,2,2005
1567.92782742,4,1,3,2005
2032.54559854,4,1,4,2005
2553.55888435,4,1,5,2005
3041.48971389,4,1,6,2005
3544.92228358,4,1,7,2005
4080.3362689,4,1,8,2005
4537.11468288,4,1,9,2005
5091.65965149,4,1,10,2005
5566.60956495,4,1,11,2005
6039.65547106,4,1,12,2005
578.503108011,4,1,1,2006
1079.69445589,4,1,2,2006
1563.85376666,4,1,3,2006
2097.82893129,4,1,4,2006
2578.40849496,4,1,5,2006
3084.8235828,4,1,6,2006
3527.21105308,4,1,7,2006
4029.78145739,4,1,8,2006
4584.76828778,4,1,9,2006
5075.17435609,4,1,10,2006
5591.07130079,4,1,11,2006
6016.52804203,4,1,12,2006
597.392956822,4,1,1,2007
1037.60001785,4,1,2,2007
1574.2425695,4,1,3,2007
2083.53964365,4,1,4,2007
2517.88372056,4,1,5,2007
3080.19109301,4,1,6,2007
3566.38747062,4,1,7,2007
4081.63204206,4,1,8,2007
4588.72934037,4,1,9,2007
5060.0216137,4,1,10,2007
5596.31840594,4,1,11,2007
6032.53835752,4,1,12,2007
551.453570657,4,1,1,2008
1075.65438525,4,1,2,2008
1570.40167951,4,1,3,2008
2015.76106463,4,1,4,2008
2505.46742917,4,1,5,2008
3090.89005765,4,1,6,2008
3524.39334508,4,1,7,2008
4069.6340248,4,1,8,2008
4507.1201004,4,1,9,2008
5027.70212815,4,1,10,2008
5574.68693071,4,1,11,2008
6001.4741126,4,1,12,2008
515.533958957,4,1,1,2009
1012.41552637,4,1,2,2009
1598.65565077,4,1,3,2009
2010.78112397,4,1,4,2009
2564.44125887,4,1,5,2009
3064.51222623,4,1,6,2009
3550.50192077,4,1,7,2009
4056.24240633,4,1,8,2009
4500.46619016,4,1,9,2009
5068.90181565,4,1,10,2009
5529.34747119,4,1,11,2009
6039.63327044,4,1,12,2009
532.79621827,4,1,1,2010
1082.63532298,4,1,2,2010
1551.82687657,4,1,3,2010
2016.74738672,4,1,4,2010
2524.32800473,4,1,5,2010
3029.41425316,4,1,6,2010
3517.28797581,4,1,7,2010
4045.66703338,4,1,8,2010
4564.06850268,4,1,9,2010
5089.81366798,4,1,10,2010
5562.52792861,4,1,11,2010
6006.14679546,4,1,12,2010
542.836952795,4,1,1,2011
1070.84878591,4,1,2,2011
1501.71275759,4,1,3,2011
2057.00066419,4,1,4,2011
2578.19098679,4,1,5,2011
3004.21810332,4,1,6,2011
3549.48073103,4,1,7,2011
4011.07605541,4,1,8,2011
4516.22195511,4,1,9,2011
5064.37656593,4,1,10,2011
5541.76575638,4,1,11,2011
6040.78114623,4,1,12,2011
594.607793553,4,1,1,2012
1058.17059034,4,1,2,2012
1580.35131067,4,1,3,2012
2018.05945599,4,1,4,2012
2576.62914654,4,1,5,2012
3055.96162079,4,1,6,2012
3574.83731083,4,1,7,2012
4030.42982576,4,1,8,2012
4560.30968876,4,1,9,2012
5011.34790796,4,1,10,2012
5504.76810405,4,1,11,2012
6001.21092586,4,1,12,2012
569.962590148,4,1,1,2013
1083.12900625,4,1,2,2013
1579.13642972,4,1,3,2013
2097.00652187,4,1,4,2013
2527.04794294,4,1,5,2013
3003.3459433,4,1,6,2013
3558.84968943,4,1,7,2013
4042.44004764,4,1,8,2013
4524.54386004,4,1,9,2013
5064.48179943,4,1,10,2013
5549.80783692,4,1,11,2013
6016.18088172,4,1,12,2013
595.361085216,4,1,1,2014
1046.66956356,4,1,2,2014
1558.88440513,4,1,3,2014
2023.2532627,4,1,4,2014
2521.99767754,4,1,5,2014
3098.65189494,4,1,6,2014
3529.48466535,4,1,7,2014
4008.03222355,4,1,8,2014
4507.27153492,4,1,9,2014
5012.22013413,4,1,10,2014
5534.81286909,4,1,11,2014
6042.15260624,4,1,12,2014
538.45028629,4,1,1,2015
1078.5545787,4,1,2,2015
1590.13623967,4,1,3,2015
2076.01046395,4,1,4,2015
2586.77022846,4,1,5,2015
3084.91549844,4,1,6,2015
3574.51039711,4,1,7,2015
4027.17383187,4,1,8,2015
4558.37374055,4,1,9,2015
5014.76503337,4,1,10,2015
5526.91586769,4,1,11,2015
6042.20969837,4,1,12,2015
521.289267904,4,1,1,2016
1035.11191902,4,1,2,2016
1522.44026516,4,1,3,2016
2077.87797926,4,1,4,2016
2560.67804948,4,1,5,2016
3013.41759416,4,1,6,2016
3589.94467835,4,1,7,2016
4038.71157608,4,1,8,2016
4597.05121179,4,1,9,2016
5029.25922746,4,1,10,2016
5505.68447357,4,1,11,2016
6046.55757403,4,1,12,2016
469.697669081,5,1,1,1990
807.117500363,5,1,2,1990
1277.15150673,5,1,3,1990
1673.42315449,5,1,4,1990
2043.96865947,5,1,5,1990
2449.34041035,5,1,6,1990
2847.45972548,5,1,7,1990
3252.84828209,5,1,8,1990
3659.99279761,5,1,9,1990
4079.77579888,5,1,10,1990
4481.41865133,5,1,11,1990
4823.09770872,5,1,12,1990
454.412587807,5,1,1,1991
899.800480243,5,1,2,1991
1252.83429537,5,1,3,1991
1628.5934183,5,1,4,1991
2018.25649011,5,1,5,1991
2441.84215407,5,1,6,1991
2857.52775814,5,1,7,1991
3221.49273698,5,1,8,1991
3617.01592975,5,1,9,1991
4023.95206872,5,1,10,1991
4461.78567717,5,1,11,1991
4824.1295388,5,1,12,1991
416.949181233,5,1,1,1992
848.386632566,5,1,2,1992
1246.65060491,5,1,3,1992
1648.77168695,5,1,4,1992
2058.4337881,5,1,5,1992
2429.58897121,5,1,6,1992
2829.85620273,5,1,7,1992
3282.96526736,5,1,8,1992
3608.16068941,5,1,9,1992
4027.61952673,5,1,10,1992
4489.25890914,5,1,11,1992
4817.84000878,5,1,12,1992
430.877113142,5,1,1,1993
804.550306438,5,1,2,1993
1234.66737068,5,1,3,1993
1632.80729164,5,1,4,1993
2010.82304908,5,1,5,1993
2415.27163721,5,1,6,1993
2818.90760111,5,1,7,1993
3245.68970117,5,1,8,1993
3628.67061432,5,1,9,1993
4050.67049968,5,1,10,1993
4473.90520812,5,1,11,1993
4833.24552886,5,1,12,1993
419.484112368,5,1,1,1994
805.923215286,5,1,2,1994
1286.37892731,5,1,3,1994
1640.3935906,5,1,4,1994
2050.70361028,5,1,5,1994
2489.44597219,5,1,6,1994
2803.23081336,5,1,7,1994
3285.69213771,5,1,8,1994
3607.50579908,5,1,9,1994
4096.25107759,5,1,10,1994
4438.78464346,5,1,11,1994
4824.10843079,5,1,12,1994
482.644281065,5,1,1,1995
868.272822585,5,1,2,1995
1244.36977051,5,1,3,1995
1655.75340055,5,1,4,1995
2097.15204985,5,1,5,1995
2453.93134725,5,1,6,1995
2893.36751831,5,1,7,1995
3237.87766081,5,1,8,1995
3642.40743711,5,1,9,1995
4067.53449579,5,1,10,1995
4401.14466071,5,1,11,1995
4884.00642084,5,1,12,1995
449.193054172,5,1,1,1996
825.571970439,5,1,2,1996
1257.67913537,5,1,3,1996
1611.50080143,5,1,4,1996
2055.92434068,5,1,5,1996
2442.96201168,5,1,6,1996
2850.7987284,5,1,7,1996
3217.97118161,5,1,8,1996
3679.78096164,5,1,9,1996
4090.32622346,5,1,10,1996
4483.64997892,5,1,11,1996
4816.5543583,5,1,12,1996
426.950003891,5,1,1,1997
819.743957275,5,1,2,1997
1271.23794573,5,1,3,1997
1650.02031262,5,1,4,1997
2094.31273634,5,1,5,1997
2407.13004181,5,1,6,1997
2861.62831316,5,1,7,1997
3294.26195056,5,1,8,1997
3690.1970761,5,1,9,1997
4017.8349455,5,1,10,1997
4426.10046296,5,1,11,1997
4824.38961263,5,1,12,1997
459.934665717,5,1,1,1998
839.030845379,5,1,2,1998
1245.30250453,5,1,3,1998
1601.00295753,5,1,4,1998
2096.9298628,5,1,5,1998
2424.69367731,5,1,6,1998
2847.93738255,5,1,7,1998
3298.14242235,5,1,8,1998
3625.18032753,5,1,9,1998
4052.11030612,5,1,10,1998
4414.51633419,5,1,11,1998
4820.37258523,5,1,12,1998
491.687954898,5,1,1,1999
828.061780596,5,1,2,1999
1265.45177099,5,1,3,1999
1672.45586726,5,1,4,1999
2069.29644842,5,1,5,1999
2403.40623593,5,1,6,1999
2848.35417221,5,1,7,1999
3292.58416028,5,1,8,1999
3613.47347682,5,1,9,1999
4060.27684968,5,1,10,1999
4492.12734735,5,1,11,1999
4803.56707224,5,1,12,1999
486.876504509,5,1,1,2000
879.471581281,5,1,2,2000
1267.76045851,5,1,3,2000
1623.39503062,5,1,4,2000
2075.98079289,5,1,5,2000
2421.50888219,5,1,6,2000
2813.34513791,5,1,7,2000
3285.12434303,5,1,8,2000
3605.74220681,5,1,9,2000
4048.84671616,5,1,10,2000
4401.53631755,5,1,11,2000
4852.0572424,5,1,12,2000
442.549509449,5,1,1,2001
823.764107442,5,1,2,2001
1280.03725652,5,1,3,2001
1686.71811067,5,1,4,2001
2092.57811416,5,1,5,2001
2480.91835217,5,1,6,2001
2842.71819824,5,1,7,2001
3262.53255108,5,1,8,2001
3601.13666953,5,1,9,2001
4099.96624061,5,1,10,2001
4464.10340188,5,1,11,2001
4848.37909625,5,1,12,2001
485.30280531,5,1,1,2002
860.933939782,5,1,2,2002
1269.36568949,5,1,3,2002
1696.33268429,5,1,4,2002
2057.31566499,5,1,5,2002
2458.80659598,5,1,6,2002
2893.71892771,5,1,7,2002
3200.40314938,5,1,8,2002
3686.28718506,5,1,9,2002
4050.98190515,5,1,10,2002
4420.37355393,5,1,11,2002
4861.95369158,5,1,12,2002
434.84262862,5,1,1,2003
883.404484308,5,1,2,2003
1263.56947567,5,1,3,2003
1676.84623064,5,1,4,2003
2012.84616333,5,1,5,2003
2466.03098997,5,1,6,2003
2882.64745726,5,1,7,2003
3299.86262516,5,1,8,2003
3689.43411454,5,1,9,2003
4064.09339726,5,1,10,2003
4456.22689974,5,1,11,2003
4890.95677633,5,1,12,2003
401.490364277,5,1,1,2004
817.525462288,5,1,2,2004
1211.4164261,5,1,3,2004
1699.05066342,5,1,4,2004
2033.59443306,5,1,5,2004
2413.50122284,5,1,6,2004
2861.59490033,5,1,7,2004
3211.33405487,5,1,8,2004
3602.46575089,5,1,9,2004
4088.93610637,5,1,10,2004
4484.0862839,5,1,11,2004
4875.24213866,5,1,12,2004
455.969611715,5,1,1,2005
833.380156742,5,1,2,2005
1255.60078915,5,1,3,2005
1693.49252214,5,1,4,2005
2086.45071208,5,1,5,2005
2467.10850498,5,1,6,2005
2874.03617545,5,1,7,2005
3209.30291105,5,1,8,2005
3692.48281734,5,1,9,2005
4092.56025591,5,1,10,2005
4448.88625778,5,1,11,2005
4873.70380842,5,1,12,2005
415.222975209,5,1,1,2006
821.480762634,5,1,2,2006
1224.01813359,5,1,3,2006
1633.77009863,5,1,4,2006
2012.16328115,5,1,5,2006
2451.96321485,5,1,6,2006
2806.22879258,5,1,7,2006
3224.49212914,5,1,8,2006
3690.07372549,5,1,9,2006
4055.45092106,5,1,10,2006
4477.46275249,5,1,11,2006
4809.01611365,5,1,12,2006
472.196043253,5,1,1,2007
854.752420118,5,1,2,2007
1263.33726542,5,1,3,2007
1654.75619847,5,1,4,2007
2026.69537488,5,1,5,2007
2417.14983488,5,1,6,2007
2809.96760432,5,1,7,2007
3257.68422768,5,1,8,2007
3610.36632018,5,1,9,2007
4029.69563514,5,1,10,2007
4437.96402705,5,1,11,2007
4890.18979607,5,1,12,2007
499.116291549,5,1,1,2008
832.556078587,5,1,2,2008
1249.42372637,5,1,3,2008
1677.13763908,5,1,4,2008
2099.69186689,5,1,5,2008
2454.57753775,5,1,6,2008
2896.62152724,5,1,7,2008
3256.47738975,5,1,8,2008
3667.69618443,5,1,9,2008
4054.95392408,5,1,10,2008
4486.68487849,5,1,11,2008
4891.02633129,5,1,12,2008
469.622954611,5,1,1,2009
873.1030671,5,1,2,2009
1284.18138498,5,1,3,2009
1679.41685362,5,1,4,2009
2001.17891329,5,1,5,2009
2406.94364249,5,1,6,2009
2850.25292285,5,1,7,2009
3285.23672292,5,1,8,2009
3673.00908377,5,1,9,2009
4003.70813066,5,1,10,2009
4403.77947725,5,1,11,2009
4896.58126424,5,1,12,2009
498.930855706,5,1,1,2010
818.349672302,5,1,2,2010
1203.20499421,5,1,3,2010
1663.88889938,5,1,4,2010
2012.22815185,5,1,5,2010
2403.77766057,5,1,6,2010
2847.41825397,5,1,7,2010
3287.86118651,5,1,8,2010
3640.35410589,5,1,9,2010
4030.70939073,5,1,10,2010
4466.28370089,5,1,11,2010
4879.49409746,5,1,12,2010
414.70704774,5,1,1,2011
807.331127043,5,1,2,2011
1261.17014715,5,1,3,2011
1630.80757257,5,1,4,2011
2023.21166723,5,1,5,2011
2443.18866266,5,1,6,2011
2855.33825687,5,1,7,2011
3222.94025266,5,1,8,2011
3696.33312063,5,1,9,2011
4089.29669056,5,1,10,2011
4432.01437241,5,1,11,2011
4838.86037949,5,1,12,2011
450.458013507,5,1,1,2012
811.757257598,5,1,2,2012
1267.72245048,5,1,3,2012
1674.43021178,5,1,4,2012
2085.57899256,5,1,5,2012
2426.07773827,5,1,6,2012
2850.4048835,5,1,7,2012
3241.72017196,5,1,8,2012
3675.24091471,5,1,9,2012
4034.07264868,5,1,10,2012
4464.44555344,5,1,11,2012
4880.65755818,5,1,12,2012
484.502874561,5,1,1,2013
881.152068038,5,1,2,2013
1210.43657645,5,1,3,2013
1601.95453494,5,1,4,2013
2018.68384365,5,1,5,2013
2441.62915093,5,1,6,2013
2896.89442157,5,1,7,2013
3240.91507605,5,1,8,2013
3647.37214954,5,1,9,2013
4004.93705937,5,1,10,2013
4472.76046803,5,1,11,2013
4821.42431434,5,1,12,2013
485.75741046,5,1,1,2014
876.273917064,5,1,2,2014
1241.21866162,5,1,3,2014
1641.7072256,5,1,4,2014
2066.49399612,5,1,5,2014
2456.16127769,5,1,6,2014
2828.82614724,5,1,7,2014
3230.23001826,5,1,8,2014
3627.67144336,5,1,9,2014
4052.79612772,5,1,10,2014
4414.15545378,5,1,11,2014
4872.22898739,5,1,12,2014
428.399452171,5,1,1,2015
827.661907257,5,1,2,2015
1228.18086387,5,1,3,2015
1631.07912822,5,1,4,2015
2049.18572128,5,1,5,2015
2423.40907616,5,1,6,2015
2850.32588638,5,1,7,2015
3283.16672952,5,1,8,2015
3688.23408231,5,1,9,2015
4097.75115701,5,1,10,2015
4405.46377412,5,1,11,2015
4847.46969914,5,1,12,2015
427.530912547,5,1,1,2016
885.681430975,5,1,2,2016
1214.11255389,5,1,3,2016
1641.69869613,5,1,4,2016
2020.62115009,5,1,5,2016
2456.07313459,5,1,6,2016
2887.89468831,5,1,7,2016
3292.4864017,5,1,8,2016
3625.44869545,5,1,9,2016
4083.38374788,5,1,10,2016
4434.9885263,5,1,11,2016
4816.84045298,5,1,12,2016
307.086880859,6,1,1,1990
671.751616263,6,1,2,1990
954.394218743,6,1,3,1990
1233.53745054,6,1,4,1990
1563.42196675,6,1,5,1990
1889.24908923,6,1,6,1990
2106.29974253,6,1,7,1990
2468.10414742,6,1,8,1990
2769.3587578,6,1,9,1990
3047.32665441,6,1,10,1990
3358.2194459,6,1,11,1990
3655.16707418,6,1,12,1990
356.891797804,6,1,1,1991
675.085141156,6,1,2,1991
900.049094056,6,1,3,1991
1236.73242226,6,1,4,1991
1551.94959975,6,1,5,1991
1865.22386124,6,1,6,1991
2175.97073769,6,1,7,1991
2476.07693586,6,1,8,1991
2781.6498003,6,1,9,1991
3022.26900135,6,1,10,1991
3390.85388464,6,1,11,1991
3689.47144888,6,1,12,1991
393.770080198,6,1,1,1992
604.404552951,6,1,2,1992
950.29956555,6,1,3,1992
1258.73375558,6,1,4,1992
1512.01311112,6,1,5,1992
1804.4005636,6,1,6,1992
2128.54566468,6,1,7,1992
2455.90771889,6,1,8,1992
2786.04048408,6,1,9,1992
3053.51547203,6,1,10,1992
3345.42959882,6,1,11,1992
3654.33521341,6,1,12,1992
364.050999739,6,1,1,1993
668.754999987,6,1,2,1993
915.2185466,6,1,3,1993
1239.48424121,6,1,4,1993
1545.0644436,6,1,5,1993
1898.36425069,6,1,6,1993
2166.51668524,6,1,7,1993
2431.24379388,6,1,8,1993
2759.93296692,6,1,9,1993
3011.20907214,6,1,10,1993
3308.61960882,6,1,11,1993
3642.86252943,6,1,12,1993
329.463827387,6,1,1,1994
693.887390162,6,1,2,1994
964.656064053,6,1,3,1994
1270.92867776,6,1,4,1994
1560.03287588,6,1,5,1994
1816.34951657,6,1,6,1994
2116.96045817,6,1,7,1994
2411.4711496,6,1,8,1994
2712.11277132,6,1,9,1994
3001.86078759,6,1,10,1994
3308.39014289,6,1,11,1994
3619.77449334,6,1,12,1994
317.769763,6,1,1,1995
653.999615086,6,1,2,1995
995.770243091,6,1,3,1995
1218.98926219,6,1,4,1995
1509.08260092,6,1,5,1995
1866.06500552,6,1,6,1995
2173.21591476,6,1,7,1995
2480.98590687,6,1,8,1995
2796.67821692,6,1,9,1995
3067.26669919,6,1,10,1995
3378.58896464,6,1,11,1995
3614.60822152,6,1,12,1995
334.814774389,6,1,1,1996
672.931072525,6,1,2,1996
938.945978442,6,1,3,1996
1225.23392537,6,1,4,1996
1524.89179551,6,1,5,1996
1875.6932015,6,1,6,1996
2176.87471039,6,1,7,1996
2430.96993378,6,1,8,1996
2771.56482865,6,1,9,1996
3018.70569095,6,1,10,1996
3333.72220633,6,1,11,1996
3656.41242194,6,1,12,1996
306.22442776,6,1,1,1997
691.135999418,6,1,2,1997
996.883256327,6,1,3,1997
1228.89119274,6,1,4,1997
1589.76468343,6,1,5,1997
1803.50979517,6,1,6,1997
2159.17534525,6,1,7,1997
2432.3598821,6,1,8,1997
2778.1367148,6,1,9,1997
3081.9003576,6,1,10,1997
3375.50697757,6,1,11,1997
3663.23859016,6,1,12,1997
398.129296806,6,1,1,1998
655.633938691,6,1,2,1998
922.930352086,6,1,3,1998
1202.25366585,6,1,4,1998
1570.0556417,6,1,5,1998
1880.15617742,6,1,6,1998
2121.29608802,6,1,7,1998
2402.41682949,6,1,8,1998
2756.06554523,6,1,9,1998
3052.85559574,6,1,10,1998
3353.83578416,6,1,11,1998
3633.13493141,6,1,12,1998
390.553744854,6,1,1,1999
668.172249161,6,1,2,1999
995.204768465,6,1,3,1999
1278.84521449,6,1,4,1999
1538.13864569,6,1,5,1999
1825.83310988,6,1,6,1999
2119.65935794,6,1,7,1999
2499.12683574,6,1,8,1999
2735.08448594,6,1,9,1999
3098.52933227,6,1,10,1999
3317.73518425,6,1,11,1999
3636.66669673,6,1,12,1999
374.653150176,6,1,1,2000
660.825670349,6,1,2,2000
972.907021608,6,1,3,2000
1213.67012711,6,1,4,2000
1539.305711,6,1,5,2000
1844.14668474,6,1,6,2000
2160.35382809,6,1,7,2000
2435.09374769,6,1,8,2000
2769.27484397,6,1,9,2000
3076.30218906,6,1,10,2000
3324.66763795,6,1,11,2000
3691.26618514,6,1,12,2000
380.534936916,6,1,1,2001
648.796457503,6,1,2,2001
960.277079476,6,1,3,2001
1260.76851113,6,1,4,2001
1561.20958815,6,1,5,2001
1895.70824824,6,1,6,2001
2142.6399524,6,1,7,2001
2485.16751598,6,1,8,2001
2728.76107805,6,1,9,2001
3017.89372115,6,1,10,2001
3333.79599028,6,1,11,2001
3600.67434417,6,1,12,2001
322.882564041,6,1,1,2002
651.393494421,6,1,2,2002
921.622298735,6,1,3,2002
1289.58605159,6,1,4,2002
1537.2855426,6,1,5,2002
1829.1801203,6,1,6,2002
2139.70657581,6,1,7,2002
2415.46192525,6,1,8,2002
2793.87276387,6,1,9,2002
3038.71626503,6,1,10,2002
3386.79809303,6,1,11,2002
3600.12464105,6,1,12,2002
359.511689176,6,1,1,2003
613.11237878,6,1,2,2003
970.220020549,6,1,3,2003
1238.7050122,6,1,4,2003
1534.38213435,6,1,5,2003
1818.00696636,6,1,6,2003
2164.89892235,6,1,7,2003
2444.16678684,6,1,8,2003
2749.36155625,6,1,9,2003
3056.27104365,6,1,10,2003
3317.18059576,6,1,11,2003
3687.29904691,6,1,12,2003
315.207404582,6,1,1,2004
609.91770365,6,1,2,2004
942.215257557,6,1,3,2004
1248.90264482,6,1,4,2004
1515.52764229,6,1,5,2004
1824.68336884,6,1,6,2004
2166.41760902,6,1,7,2004
2466.51574729,6,1,8,2004
2746.85760482,6,1,9,2004
3030.41714403,6,1,10,2004
3386.87150066,6,1,11,2004
3610.16599992,6,1,12,2004
343.943536091,6,1,1,2005
665.360598954,6,1,2,2005
905.591592813,6,1,3,2005
1244.8016007,6,1,4,2005
1594.53803889,6,1,5,2005
1841.33702557,6,1,6,2005
2190.09431454,6,1,7,2005
2445.17233785,6,1,8,2005
2769.55773233,6,1,9,2005
3063.53495607,6,1,10,2005
3370.6493739,6,1,11,2005
3622.57951825,6,1,12,2005
306.465569246,6,1,1,2006
645.754727319,6,1,2,2006
932.484266507,6,1,3,2006
1272.53685768,6,1,4,2006
1514.80991671,6,1,5,2006
1830.54741439,6,1,6,2006
2107.37809336,6,1,7,2006
2461.96396923,6,1,8,2006
2735.58997792,6,1,9,2006
3034.51358042,6,1,10,2006
3301.2664878,6,1,11,2006
3653.05202597,6,1,12,2006
392.39173244,6,1,1,2007
639.711628283,6,1,2,2007
972.308427775,6,1,3,2007
1229.39115702,6,1,4,2007
1570.65475171,6,1,5,2007
1884.67626942,6,1,6,2007
2120.27779221,6,1,7,2007
2455.54265516,6,1,8,2007
2727.1966867,6,1,9,2007
3010.18631726,6,1,10,2007
3333.41162836,6,1,11,2007
3635.16914257,6,1,12,2007
345.708691361,6,1,1,2008
668.305546457,6,1,2,2008
967.6505148,6,1,3,2008
1201.31754544,6,1,4,2008
1525.4342722,6,1,5,2008
1884.12787517,6,1,6,2008
2105.80308919,6,1,7,2008
2463.809692,6,1,8,2008
2705.56635896,6,1,9,2008
3082.01672868,6,1,10,2008
3394.53958308,6,1,11,2008
3690.50928521,6,1,12,2008
340.379087819,6,1,1,2009
602.596616108,6,1,2,2009
970.555239252,6,1,3,2009
1226.45886096,6,1,4,2009
1579.70590325,6,1,5,2009
1863.51855771,6,1,6,2009
2149.35264225,6,1,7,2009
2430.49052305,6,1,8,2009
2742.16434051,6,1,9,2009
3076.7056024,6,1,10,2009
3358.62124943,6,1,11,2009
3651.59309886,6,1,12,2009
364.448819529,6,1,1,2010
615.383757646,6,1,2,2010
907.375302052,6,1,3,2010
1260.4047753,6,1,4,2010
1528.43120225,6,1,5,2010
1879.77281609,6,1,6,2010
2176.57551298,6,1,7,2010
2454.04966177,6,1,8,2010
2766.75180368,6,1,9,2010
3090.39685167,6,1,10,2010
3396.96568358,6,1,11,2010
3643.28489165,6,1,12,2010
314.246132977,6,1,1,2011
688.201066539,6,1,2,2011
977.06504773,6,1,3,2011
1227.2242193,6,1,4,2011
1504.01132182,6,1,5,2011
1891.13790647,6,1,6,2011
2139.18673773,6,1,7,2011
2418.68254794,6,1,8,2011
2793.13410458,6,1,9,2011
3064.00954651,6,1,10,2011
3365.46510632,6,1,11,2011
3659.24119147,6,1,12,2011
342.149544012,6,1,1,2012
680.583737779,6,1,2,2012
955.257808034,6,1,3,2012
1268.80199514,6,1,4,2012
1578.26655715,6,1,5,2012
1859.98042624,6,1,6,2012
2104.66539525,6,1,7,2012
2496.42017969,6,1,8,2012
2747.8790567,6,1,9,2012
3066.01822341,6,1,10,2012
3350.48081462,6,1,11,2012
3625.1599455,6,1,12,2012
399.268969321,6,1,1,2013
660.501176685,6,1,2,2013
964.012266503,6,1,3,2013
1256.43015824,6,1,4,2013
1560.73364222,6,1,5,2013
1841.74065423,6,1,6,2013
2139.13119479,6,1,7,2013
2439.09462804,6,1,8,2013
2798.84492653,6,1,9,2013
3044.85800364,6,1,10,2013
3346.74154317,6,1,11,2013
3658.96934722,6,1,12,2013
393.758533756,6,1,1,2014
653.491058837,6,1,2,2014
962.589577879,6,1,3,2014
1215.66917571,6,1,4,2014
1507.96075925,6,1,5,2014
1889.17282819,6,1,6,2014
2156.29081428,6,1,7,2014
2421.2149838,6,1,8,2014
2744.53392961,6,1,9,2014
3052.50017355,6,1,10,2014
3313.41829846,6,1,11,2014
3646.04935664,6,1,12,2014
373.18757176,6,1,1,2015
650.568018929,6,1,2,2015
948.865787136,6,1,3,2015
1250.22069284,6,1,4,2015
1557.98590121,6,1,5,2015
1861.47920985,6,1,6,2015
2119.2346431,6,1,7,2015
2448.58577675,6,1,8,2015
2748.31444218,6,1,9,2015
3028.1449321,6,1,10,2015
3304.74976219,6,1,11,2015
3633.87528267,6,1,12,2015
372.932782365,6,1,1,2016
645.751596678,6,1,2,2016
944.045400323,6,1,3,2016
1225.85514086,6,1,4,2016
1587.53239091,6,1,5,2016
1895.3109249,6,1,6,2016
2118.06034085,6,1,7,2016
2424.9949683,6,1,8,2016
2787.37248929,6,1,9,2016
3097.01979912,6,1,10,2016
3300.36820747,6,1,11,2016
3615.68734999,6,1,12,2016
269.063078446,7,1,1,1990
443.31487557,7,1,2,1990
661.719911432,7,1,3,1990
822.380548009,7,1,4,1990
1077.55954426,7,1,5,1990
1246.05782456,7,1,6,1990
1495.67086877,7,1,7,1990
1663.46056083,7,1,8,1990
1881.84445904,7,1,9,1990
2072.02414892,7,1,10,1990
2251.08725873,7,1,11,1990
2436.7837208,7,1,12,1990
259.766473066,7,1,1,1991
485.469904616,7,1,2,1991
612.446892643,7,1,3,1991
833.812989707,7,1,4,1991
1028.73420179,7,1,5,1991
1252.89394314,7,1,6,1991
1470.02349188,7,1,7,1991
1661.74467148,7,1,8,1991
1860.93024739,7,1,9,1991
2050.29324736,7,1,10,1991
2254.43937575,7,1,11,1991
2416.33165246,7,1,12,1991
272.652869362,7,1,1,1992
457.154621078,7,1,2,1992
692.272070953,7,1,3,1992
873.735604342,7,1,4,1992
1026.83737835,7,1,5,1992
1263.96438188,7,1,6,1992
1485.15272406,7,1,7,1992
1689.62702441,7,1,8,1992
1889.47053955,7,1,9,1992
2023.90444864,7,1,10,1992
2279.96341871,7,1,11,1992
2491.26214483,7,1,12,1992
299.494350205,7,1,1,1993
430.712666961,7,1,2,1993
651.319827232,7,1,3,1993
805.861715106,7,1,4,1993
1044.11004298,7,1,5,1993
1231.35583617,7,1,6,1993
1423.02580266,7,1,7,1993
1624.35738221,7,1,8,1993
1833.22117617,7,1,9,1993
2090.57836276,7,1,10,1993
2212.25649019,7,1,11,1993
2475.43446401,7,1,12,1993
276.930270335,7,1,1,1994
454.017072561,7,1,2,1994
665.163156846,7,1,3,1994
875.412591266,7,1,4,1994
1013.11387459,7,1,5,1994
1282.18449682,7,1,6,1994
1410.1555541,7,1,7,1994
1693.12420209,7,1,8,1994
1859.60681235,7,1,9,1994
2000.26419938,7,1,10,1994
2216.73733414,7,1,11,1994
2428.84419663,7,1,12,1994
294.442723302,7,1,1,1995
411.007524845,7,1,2,1995
612.409130585,7,1,3,1995
879.238399372,7,1,4,1995
1034.09686358,7,1,5,1995
1292.91856615,7,1,6,1995
1489.51715314,7,1,7,1995
1678.28522844,7,1,8,1995
1820.73325706,7,1,9,1995
2023.77695754,7,1,10,1995
2209.27017749,7,1,11,1995
2477.89501943,7,1,12,1995
299.654102729,7,1,1,1996
404.939504188,7,1,2,1996
665.532172078,7,1,3,1996
846.62604396,7,1,4,1996
1046.13438469,7,1,5,1996
1229.23865524,7,1,6,1996
1419.34563042,7,1,7,1996
1670.64039731,7,1,8,1996
1861.41974904,7,1,9,1996
2054.24164507,7,1,10,1996
2204.14352139,7,1,11,1996
2426.66922154,7,1,12,1996
290.03123042,7,1,1,1997
413.615590069,7,1,2,1997
680.20585193,7,1,3,1997
824.90891293,7,1,4,1997
1098.21792405,7,1,5,1997
1282.98530561,7,1,6,1997
1462.41133101,7,1,7,1997
1671.53577992,7,1,8,1997
1881.74824795,7,1,9,1997
2067.31139694,7,1,10,1997
2235.42418998,7,1,11,1997
2427.3148191,7,1,12,1997
279.833930043,7,1,1,1998
465.223375519,7,1,2,1998
668.417859169,7,1,3,1998
824.897368201,7,1,4,1998
1064.25011544,7,1,5,1998
1243.51386754,7,1,6,1998
1473.99553767,7,1,7,1998
1683.59876658,7,1,8,1998
1839.97354805,7,1,9,1998
2054.68803539,7,1,10,1998
2235.41582179,7,1,11,1998
2483.56143476,7,1,12,1998
211.188406438,7,1,1,1999
471.599660803,7,1,2,1999
693.014957685,7,1,3,1999
891.526400275,7,1,4,1999
1066.95676589,7,1,5,1999
1236.54728549,7,1,6,1999
1455.76704116,7,1,7,1999
1686.692973,7,1,8,1999
1880.47785845,7,1,9,1999
2049.71168447,7,1,10,1999
2283.84815312,7,1,11,1999
2401.86000651,7,1,12,1999
222.502377798,7,1,1,2000
445.67049025,7,1,2,2000
616.008464799,7,1,3,2000
882.80362121,7,1,4,2000
1063.37066227,7,1,5,2000
1291.03142459,7,1,6,2000
1446.62618821,7,1,7,2000
1602.30787333,7,1,8,2000
1814.9299149,7,1,9,2000
2023.09626424,7,1,10,2000
2228.19173229,7,1,11,2000
2422.27185092,7,1,12,2000
227.845515899,7,1,1,2001
441.291474026,7,1,2,2001
649.327461282,7,1,3,2001
861.862395018,7,1,4,2001
1066.68794769,7,1,5,2001
1249.50148024,7,1,6,2001
1428.68722669,7,1,7,2001
1685.80454039,7,1,8,2001
1889.96357621,7,1,9,2001
2086.24533713,7,1,10,2001
2254.96064699,7,1,11,2001
2439.10025534,7,1,12,2001
229.355591965,7,1,1,2002
444.775523019,7,1,2,2002
604.087082891,7,1,3,2002
815.837807554,7,1,4,2002
1031.53544981,7,1,5,2002
1210.08606167,7,1,6,2002
1499.45688085,7,1,7,2002
1691.96068829,7,1,8,2002
1866.86161481,7,1,9,2002
2036.15820314,7,1,10,2002
2277.91396957,7,1,11,2002
2411.92829255,7,1,12,2002
234.498726797,7,1,1,2003
447.976405294,7,1,2,2003
658.939110052,7,1,3,2003
806.021148582,7,1,4,2003
1097.90822044,7,1,5,2003
1200.39922566,7,1,6,2003
1430.36633625,7,1,7,2003
1658.95634425,7,1,8,2003
1842.67145819,7,1,9,2003
2072.60161821,7,1,10,2003
2298.54125674,7,1,11,2003
2436.8133747,7,1,12,2003
266.20551157,7,1,1,2004
446.384155034,7,1,2,2004
697.508128148,7,1,3,2004
895.774903109,7,1,4,2004
1057.95889744,7,1,5,2004
1246.48528605,7,1,6,2004
1452.99702149,7,1,7,2004
1692.55028933,7,1,8,2004
1892.20618199,7,1,9,2004
2062.22606067,7,1,10,2004
2201.36862383,7,1,11,2004
2466.77583823,7,1,12,2004
251.903125015,7,1,1,2005
468.398533451,7,1,2,2005
672.665122634,7,1,3,2005
811.019175801,7,1,4,2005
1014.05972178,7,1,5,2005
1287.13989235,7,1,6,2005
1473.78279553,7,1,7,2005
1604.10470698,7,1,8,2005
1811.6381538,7,1,9,2005
2038.12306749,7,1,10,2005
2241.24628288,7,1,11,2005
2471.93932074,7,1,12,2005
219.772206418,7,1,1,2006
473.464144865,7,1,2,2006
617.408058124,7,1,3,2006
878.769414083,7,1,4,2006
1034.71188826,7,1,5,2006
1218.30084957,7,1,6,2006
1484.55505642,7,1,7,2006
1667.10075337,7,1,8,2006
1823.51380221,7,1,9,2006
2090.45568884,7,1,10,2006
2208.22970192,7,1,11,2006
2465.97480346,7,1,12,2006
251.24077172,7,1,1,2007
471.537405367,7,1,2,2007
617.580998186,7,1,3,2007
874.477161415,7,1,4,2007
1042.79329357,7,1,5,2007
1224.87704118,7,1,6,2007
1437.63470829,7,1,7,2007
1690.4536091,7,1,8,2007
1804.01234508,7,1,9,2007
2075.09584978,7,1,10,2007
2262.50790595,7,1,11,2007
2441.26670596,7,1,12,2007
257.195683708,7,1,1,2008
434.454910116,7,1,2,2008
602.107185322,7,1,3,2008
841.21724095,7,1,4,2008
1006.4876231,7,1,5,2008
1258.29303666,7,1,6,2008
1401.69840386,7,1,7,2008
1604.38311097,7,1,8,2008
1814.84788361,7,1,9,2008
2096.48638529,7,1,10,2008
2227.43393517,7,1,11,2008
2442.72692047,7,1,12,2008
200.042539465,7,1,1,2009
436.380305013,7,1,2,2009
639.384843621,7,1,3,2009
802.176880603,7,1,4,2009
1033.58635558,7,1,5,2009
1224.93763671,7,1,6,2009
1481.56026699,7,1,7,2009
1631.68069489,7,1,8,2009
1855.90726139,7,1,9,2009
2001.43626106,7,1,10,2009
2207.3798612,7,1,11,2009
2489.38566209,7,1,12,2009
220.495917399,7,1,1,2010
463.717947216,7,1,2,2010
605.815897678,7,1,3,2010
891.90304589,7,1,4,2010
1024.19609837,7,1,5,2010
1282.68565809,7,1,6,2010
1456.71780309,7,1,7,2010
1673.02373465,7,1,8,2010
1872.02012658,7,1,9,2010
2068.08122729,7,1,10,2010
2254.22288647,7,1,11,2010
2496.26380635,7,1,12,2010
227.681479262,7,1,1,2011
482.394953641,7,1,2,2011
642.102233615,7,1,3,2011
808.568349071,7,1,4,2011
1018.14275685,7,1,5,2011
1246.42773562,7,1,6,2011
1487.50069255,7,1,7,2011
1648.40909617,7,1,8,2011
1800.50835477,7,1,9,2011
2030.71695771,7,1,10,2011
2265.24804305,7,1,11,2011
2421.91064521,7,1,12,2011
221.632372247,7,1,1,2012
443.215983931,7,1,2,2012
606.446253311,7,1,3,2012
891.465647417,7,1,4,2012
1093.89665886,7,1,5,2012
1258.74849832,7,1,6,2012
1495.81198537,7,1,7,2012
1630.75966077,7,1,8,2012
1837.39174119,7,1,9,2012
2077.05304682,7,1,10,2012
2269.59505588,7,1,11,2012
2423.21438264,7,1,12,2012
268.229077671,7,1,1,2013
425.512759882,7,1,2,2013
647.06014461,7,1,3,2013
889.116499235,7,1,4,2013
1052.66911721,7,1,5,2013
1262.56961036,7,1,6,2013
1406.20501067,7,1,7,2013
1630.72295316,7,1,8,2013
1878.11623203,7,1,9,2013
2034.64412637,7,1,10,2013
2258.04255692,7,1,11,2013
2456.80291413,7,1,12,2013
249.724509892,7,1,1,2014
470.861670631,7,1,2,2014
650.515779009,7,1,3,2014
825.17721018,7,1,4,2014
1018.24260806,7,1,5,2014
1293.82789704,7,1,6,2014
1410.39062571,7,1,7,2014
1604.80912161,7,1,8,2014
1884.98916644,7,1,9,2014
2050.56898625,7,1,10,2014
2234.68679947,7,1,11,2014
2400.80133564,7,1,12,2014
291.441457205,7,1,1,2015
410.038301126,7,1,2,2015
674.291215953,7,1,3,2015
899.111725507,7,1,4,2015
1009.27357178,7,1,5,2015
1256.74866261,7,1,6,2015
1487.15638277,7,1,7,2015
1628.12161426,7,1,8,2015
1806.8677035,7,1,9,2015
2029.27746959,7,1,10,2015
2275.45901759,7,1,11,2015
2437.11666825,7,1,12,2015
200.634293321,7,1,1,2016
498.218143744,7,1,2,2016
647.425060403,7,1,3,2016
828.312731791,7,1,4,2016
1024.74103784,7,1,5,2016
1260.81377183,7,1,6,2016
1414.5610595,7,1,7,2016
1643.72977673,7,1,8,2016
1838.95734206,7,1,9,2016
2033.85894683,7,1,10,2016
2267.82401211,7,1,11,2016
2409.98399437,7,1,12,2016
147.863841924,8,1,1,1990
289.286500673,8,1,2,1990
308.987954176,8,1,3,1990
491.753812603,8,1,4,1990
546.924002213,8,1,5,1990
610.208748479,8,1,6,1990
778.592118746,8,1,7,1990
866.424932409,8,1,8,1990
975.662430316,8,1,9,1990
1008.83964205,8,1,10,1990
1139.89325534,8,1,11,1990
1245.95096297,8,1,12,1990
169.610716664,8,1,1,1991
220.4057189,8,1,2,1991
373.089953845,8,1,3,1991
424.557109059,8,1,4,1991
506.188230182,8,1,5,1991
676.4349319,8,1,6,1991
766.962374691,8,1,7,1991
835.898116717,8,1,8,1991
954.649817337,8,1,9,1991
1015.40025408,8,1,10,1991
1142.58864974,8,1,11,1991
1232.53353189,8,1,12,1991
148.546026747,8,1,1,1992
278.679821154,8,1,2,1992
384.615005679,8,1,3,1992
412.230117267,8,1,4,1992
518.964535012,8,1,5,1992
631.03125396,8,1,6,1992
779.34259817,8,1,7,1992
862.973925408,8,1,8,1992
917.454195513,8,1,9,1992
1036.49190889,8,1,10,1992
1173.07504182,8,1,11,1992
1249.66848659,8,1,12,1992
161.75714109,8,1,1,1993
241.496755102,8,1,2,1993
396.818344837,8,1,3,1993
440.451622086,8,1,4,1993
501.072862856,8,1,5,1993
640.674705966,8,1,6,1993
775.970014724,8,1,7,1993
865.566773716,8,1,8,1993
950.306328617,8,1,9,1993
1038.73046789,8,1,10,1993
1179.77354992,8,1,11,1993
1224.53304465,8,1,12,1993
189.20204215,8,1,1,1994
268.217572245,8,1,2,1994
319.419725814,8,1,3,1994
404.084478615,8,1,4,1994
579.815536056,8,1,5,1994
655.166176539,8,1,6,1994
735.856967111,8,1,7,1994
807.968749645,8,1,8,1994
961.301243373,8,1,9,1994
1045.88444224,8,1,10,1994
1118.83674229,8,1,11,1994
1298.51225553,8,1,12,1994
153.231829545,8,1,1,1995
249.141126944,8,1,2,1995
362.591484181,8,1,3,1995
473.953206537,8,1,4,1995
560.883872949,8,1,5,1995
669.397836317,8,1,6,1995
714.654709013,8,1,7,1995
812.708763459,8,1,8,1995
949.939103631,8,1,9,1995
1080.19741194,8,1,10,1995
1151.4509587,8,1,11,1995
1227.81611586,8,1,12,1995
175.078200552,8,1,1,1996
216.715848064,8,1,2,1996
355.055861553,8,1,3,1996
445.913929853,8,1,4,1996
552.56229288,8,1,5,1996
639.150486745,8,1,6,1996
796.562063802,8,1,7,1996
822.723190284,8,1,8,1996
974.283444765,8,1,9,1996
1045.27711909,8,1,10,1996
1175.55310676,8,1,11,1996
1208.31502917,8,1,12,1996
149.073572689,8,1,1,1997
251.923426176,8,1,2,1997
349.051563849,8,1,3,1997
495.222458226,8,1,4,1997
501.819446426,8,1,5,1997
608.51827854,8,1,6,1997
711.03010127,8,1,7,1997
847.465606121,8,1,8,1997
951.861486963,8,1,9,1997
1056.1197938,8,1,10,1997
1122.62899267,8,1,11,1997
1241.15460679,8,1,12,1997
180.657741455,8,1,1,1998
264.282944805,8,1,2,1998
317.133519622,8,1,3,1998
451.105846731,8,1,4,1998
507.843197731,8,1,5,1998
660.143762696,8,1,6,1998
712.309392329,8,1,7,1998
893.136755566,8,1,8,1998
927.275408212,8,1,9,1998
1041.97577247,8,1,10,1998
1117.71556891,8,1,11,1998
1253.20502469,8,1,12,1998
130.961184029,8,1,1,1999
283.637795318,8,1,2,1999
326.345054818,8,1,3,1999
412.979646778,8,1,4,1999
516.489689289,8,1,5,1999
633.761407061,8,1,6,1999
772.067913861,8,1,7,1999
815.037412825,8,1,8,1999
971.192368311,8,1,9,1999
1090.86204586,8,1,10,1999
1156.44088584,8,1,11,1999
1229.74657016,8,1,12,1999
174.402573912,8,1,1,2000
272.022763065,8,1,2,2000
337.506713564,8,1,3,2000
417.108499676,8,1,4,2000
575.512902734,8,1,5,2000
676.909850772,8,1,6,2000
722.677329365,8,1,7,2000
866.662646512,8,1,8,2000
905.726833783,8,1,9,2000
1036.09524195,8,1,10,2000
1186.14164958,8,1,11,2000
1208.57244855,8,1,12,2000
173.672602169,8,1,1,2001
266.544280473,8,1,2,2001
304.761922314,8,1,3,2001
414.145296687,8,1,4,2001
540.973864466,8,1,5,2001
660.414622327,8,1,6,2001
722.701765417,8,1,7,2001
850.670698138,8,1,8,2001
974.341698636,8,1,9,2001
1071.37657638,8,1,10,2001
1109.81741973,8,1,11,2001
1230.11473124,8,1,12,2001
108.445261671,8,1,1,2002
256.804086182,8,1,2,2002
391.402728045,8,1,3,2002
445.945940614,8,1,4,2002
584.534145965,8,1,5,2002
644.059307914,8,1,6,2002
742.193758932,8,1,7,2002
855.916129193,8,1,8,2002
968.508108458,8,1,9,2002
1001.55662928,8,1,10,2002
1126.8707712,8,1,11,2002
1274.21738566,8,1,12,2002
170.389540878,8,1,1,2003
217.892031965,8,1,2,2003
390.119458503,8,1,3,2003
409.226701257,8,1,4,2003
552.73576852,8,1,5,2003
690.688264559,8,1,6,2003
716.158177852,8,1,7,2003
820.988674024,8,1,8,2003
940.658834815,8,1,9,2003
1004.6599054,8,1,10,2003
1169.89789136,8,1,11,2003
1269.31014415,8,1,12,2003
173.572672562,8,1,1,2004
274.462170054,8,1,2,2004
341.188774056,8,1,3,2004
446.898377027,8,1,4,2004
507.618598438,8,1,5,2004
642.214777408,8,1,6,2004
710.978013549,8,1,7,2004
830.006151384,8,1,8,2004
944.433927912,8,1,9,2004
1004.92629532,8,1,10,2004
1141.89700377,8,1,11,2004
1294.6853329,8,1,12,2004
185.342774337,8,1,1,2005
263.223145323,8,1,2,2005
393.733989023,8,1,3,2005
421.920937559,8,1,4,2005
525.982567411,8,1,5,2005
651.730178287,8,1,6,2005
789.044769657,8,1,7,2005
871.860411876,8,1,8,2005
963.244009013,8,1,9,2005
1060.35254718,8,1,10,2005
1139.81162566,8,1,11,2005
1287.6101499,8,1,12,2005
149.075572292,8,1,1,2006
267.915820258,8,1,2,2006
382.218328841,8,1,3,2006
413.152854115,8,1,4,2006
511.039298061,8,1,5,2006
621.240373525,8,1,6,2006
762.508091071,8,1,7,2006
806.844806123,8,1,8,2006
957.408429248,8,1,9,2006
1053.64099899,8,1,10,2006
1143.97384926,8,1,11,2006
1259.8220638,8,1,12,2006
101.096848634,8,1,1,2007
213.595984897,8,1,2,2007
378.396025327,8,1,3,2007
417.482179659,8,1,4,2007
504.512558469,8,1,5,2007
644.899069032,8,1,6,2007
787.576878611,8,1,7,2007
832.433690661,8,1,8,2007
965.246975087,8,1,9,2007
1065.09783095,8,1,10,2007
1195.49941803,8,1,11,2007
1235.7292029,8,1,12,2007
103.138289662,8,1,1,2008
228.478128952,8,1,2,2008
310.238098195,8,1,3,2008
474.878047316,8,1,4,2008
553.732762793,8,1,5,2008
625.055416798,8,1,6,2008
734.338178337,8,1,7,2008
836.072632801,8,1,8,2008
906.76460562,8,1,9,2008
1019.40202588,8,1,10,2008
1199.36051704,8,1,11,2008
1200.15224156,8,1,12,2008
181.262267482,8,1,1,2009
249.001781165,8,1,2,2009
367.692907489,8,1,3,2009
418.382488048,8,1,4,2009
550.699712185,8,1,5,2009
671.417068517,8,1,6,2009
709.699945117,8,1,7,2009
894.683385534,8,1,8,2009
981.524017428,8,1,9,2009
1087.5969716,8,1,10,2009
1105.54692756,8,1,11,2009
1247.19878277,8,1,12,2009
120.503634916,8,1,1,2010
294.246857151,8,1,2,2010
334.923544368,8,1,3,2010
465.964311474,8,1,4,2010
538.438239343,8,1,5,2010
672.860814181,8,1,6,2010
715.819313134,8,1,7,2010
890.293560656,8,1,8,2010
964.298496745,8,1,9,2010
1076.80448296,8,1,10,2010
1126.96426818,8,1,11,2010
1289.71711197,8,1,12,2010
145.588162469,8,1,1,2011
272.239409987,8,1,2,2011
344.703110011,8,1,3,2011
453.932117437,8,1,4,2011
552.133308917,8,1,5,2011
678.584903296,8,1,6,2011
719.406711022,8,1,7,2011
854.570285705,8,1,8,2011
921.694581752,8,1,9,2011
1088.46325758,8,1,10,2011
1158.42874522,8,1,11,2011
1219.1290213,8,1,12,2011
127.073580094,8,1,1,2012
210.481768427,8,1,2,2012
379.316982847,8,1,3,2012
474.176346255,8,1,4,2012
531.802750595,8,1,5,2012
675.663814968,8,1,6,2012
761.648612098,8,1,7,2012
853.055385375,8,1,8,2012
962.251157445,8,1,9,2012
1049.4373227,8,1,10,2012
1137.23200535,8,1,11,2012
1276.86461141,8,1,12,2012
138.944183692,8,1,1,2013
251.625732382,8,1,2,2013
330.410383402,8,1,3,2013
473.085482573,8,1,4,2013
592.18596676,8,1,5,2013
663.486794332,8,1,6,2013
788.026204397,8,1,7,2013
812.569477788,8,1,8,2013
922.37408257,8,1,9,2013
1071.07028638,8,1,10,2013
1160.09038597,8,1,11,2013
1286.17794061,8,1,12,2013
161.172458473,8,1,1,2014
266.186995285,8,1,2,2014
304.291631057,8,1,3,2014
450.531793752,8,1,4,2014
591.113624127,8,1,5,2014
606.815817753,8,1,6,2014
799.319884908,8,1,7,2014
820.918710101,8,1,8,2014
997.261176609,8,1,9,2014
1068.28566287,8,1,10,2014
1143.04385386,8,1,11,2014
1230.15140949,8,1,12,2014
162.185611002,8,1,1,2015
255.789673714,8,1,2,2015
399.425945548,8,1,3,2015
452.20753898,8,1,4,2015
540.393682826,8,1,5,2015
653.413920346,8,1,6,2015
707.816548378,8,1,7,2015
820.00382649,8,1,8,2015
920.73858435,8,1,9,2015
1025.99104865,8,1,10,2015
1181.66204243,8,1,11,2015
1293.12566868,8,1,12,2015
175.504265548,8,1,1,2016
215.442631962,8,1,2,2016
312.907270858,8,1,3,2016
408.596293503,8,1,4,2016
549.840024395,8,1,5,2016
637.354686226,8,1,6,2016
788.458699597,8,1,7,2016
852.051427172,8,1,8,2016
947.657531392,8,1,9,2016
1060.59807774,8,1,10,2016
1129.8463237,8,1,11,2016
1288.61609555,8,1,12,2016
44.7634906651,9,1,1,1990
18.6268840411,9,1,2,1990
96.9043452019,9,1,3,1990
19.3615873895,9,1,4,1990
83.6725696812,9,1,5,1990
51.313893703,9,1,6,1990
80.1042671833,9,1,7,1990
44.4575607379,9,1,8,1990
99.824683515,9,1,9,1990
36.5130744627,9,1,10,1990
9.43673341981,9,1,11,1990
45.8073209053,9,1,12,1990
25.3395429708,9,1,1,1991
70.3124482704,9,1,2,1991
65.5114544678,9,1,3,1991
91.9180324453,9,1,4,1991
53.9509131839,9,1,5,1991
57.6124564812,9,1,6,1991
48.767654024,9,1,7,1991
76.1277604569,9,1,8,1991
32.6079337761,9,1,9,1991
72.6609385675,9,1,10,1991
40.5540756388,9,1,11,1991
27.8913481337,9,1,12,1991
34.8352022516,9,1,1,1992
58.916518076,9,1,2,1992
41.956696333,9,1,3,1992
43.821053623,9,1,4,1992
38.9653328041,9,1,5,1992
22.3203975527,9,1,6,1992
38.400669769,9,1,7,1992
95.2574578969,9,1,8,1992
40.52034381,9,1,9,1992
77.4532170444,9,1,10,1992
92.5323383171,9,1,11,1992
46.0709701017,9,1,12,1992
70.0342145633,9,1,1,1993
9.79090483944,9,1,2,1993
89.5821953835,9,1,3,1993
1.56062516178,9,1,4,1993
39.9166085567,9,1,5,1993
86.0905751669,9,1,6,1993
86.6300225791,9,1,7,1993
50.5346880202,9,1,8,1993
95.8501343621,9,1,9,1993
80.5406053898,9,1,10,1993
94.2544340866,9,1,11,1993
18.9475801201,9,1,12,1993
27.7386152276,9,1,1,1994
37.4673064776,9,1,2,1994
18.2943271741,9,1,3,1994
24.977269822,9,1,4,1994
12.3032791794,9,1,5,1994
56.2299739607,9,1,6,1994
51.4382832096,9,1,7,1994
26.0010827065,9,1,8,1994
99.6271368168,9,1,9,1994
26.8079350358,9,1,10,1994
53.2611302196,9,1,11,1994
94.6988519411,9,1,12,1994
51.855856037,9,1,1,1995
33.5360114254,9,1,2,1995
49.0075981014,9,1,3,1995
83.03372469,9,1,4,1995
38.2646230511,9,1,5,1995
0.939270073234,9,1,6,1995
81.4543116577,9,1,7,1995
39.6629567891,9,1,8,1995
47.7007421547,9,1,9,1995
49.6582906758,9,1,10,1995
17.5699348071,9,1,11,1995
84.0453149408,9,1,12,1995
45.1133793591,9,1,1,1996
49.2345970755,9,1,2,1996
77.790856561,9,1,3,1996
72.3338267515,9,1,4,1996
86.7786810413,9,1,5,1996
69.3269018254,9,1,6,1996
36.2588238254,9,1,7,1996
24.9652094093,9,1,8,1996
22.1491041544,9,1,9,1996
71.3725883742,9,1,10,1996
50.5383236838,9,1,11,1996
80.361524834,9,1,12,1996
81.6041872138,9,1,1,1997
4.10369250289,9,1,2,1997
21.0894570763,9,1,3,1997
16.1221899163,9,1,4,1997
32.4323787326,9,1,5,1997
66.0732267543,9,1,6,1997
60.0661027973,9,1,7,1997
1.56823390492,9,1,8,1997
90.1026744146,9,1,9,1997
18.6848915168,9,1,10,1997
59.2319888138,9,1,11,1997
32.6174097312,9,1,12,1997
12.3554987843,9,1,1,1998
56.1947231035,9,1,2,1998
36.0329440994,9,1,3,1998
90.5803667489,9,1,4,1998
10.1727120385,9,1,5,1998
23.3937314248,9,1,6,1998
6.2577358177,9,1,7,1998
14.2232541342,9,1,8,1998
70.5913464043,9,1,9,1998
55.8307621464,9,1,10,1998
89.4728238799,9,1,11,1998
83.8433465834,9,1,12,1998
48.489281895,9,1,1,1999
70.5368486365,9,1,2,1999
47.6690163475,9,1,3,1999
72.7933532099,9,1,4,1999
36.4586302632,9,1,5,1999
62.8684226299,9,1,6,1999
36.1633620425,9,1,7,1999
36.3426669148,9,1,8,1999
10.7804951375,9,1,9,1999
45.7437016666,9,1,10,1999
25.0939093163,9,1,11,1999
27.8186740606,9,1,12,1999
83.9439660499,9,1,1,2000
98.5308596559,9,1,2,2000
54.1710739215,9,1,3,2000
26.2134527849,9,1,4,2000
63.4291045355,9,1,5,2000
51.8458011737,9,1,6,2000
83.9270908381,9,1,7,2000
68.9513584559,9,1,8,2000
3.21381384467,9,1,9,2000
35.8672459839,9,1,10,2000
62.7074676099,9,1,11,2000
44.2457235048,9,1,12,2000
6.52235641472,9,1,1,2001
29.2564914719,9,1,2,2001
29.934150791,9,1,3,2001
98.1579818238,9,1,4,2001
66.6085578105,9,1,5,2001
49.7327645889,9,1,6,2001
71.1172041112,9,1,7,2001
91.5004835128,9,1,8,2001
83.3183612047,9,1,9,2001
46.5145477297,9,1,10,2001
75.4022289497,9,1,11,2001
94.7825009769,9,1,12,2001
10.891659789,9,1,1,2002
81.1458249349,9,1,2,2002
77.1896933669,9,1,3,2002
2.55256427277,9,1,4,2002
76.4884467685,9,1,5,2002
15.8940923775,9,1,6,2002
98.9325193676,9,1,7,2002
7.0000763611,9,1,8,2002
61.8233480566,9,1,9,2002
35.2981139817,9,1,10,2002
56.726087815,9,1,11,2002
18.2653647011,9,1,12,2002
50.6042362955,9,1,1,2003
41.3339258657,9,1,2,2003
77.6979112267,9,1,3,2003
13.3460429095,9,1,4,2003
41.0734540176,9,1,5,2003
89.2829921554,9,1,6,2003
42.2826178396,9,1,7,2003
38.5930079782,9,1,8,2003
36.4667932451,9,1,9,2003
99.9359552033,9,1,10,2003
94.2455317837,9,1,11,2003
1.63964807755,9,1,12,2003
13.5629139236,9,1,1,2004
81.7014536576,9,1,2,2004
78.2232757676,9,1,3,2004
3.49957363015,9,1,4,2004
9.10391818941,9,1,5,2004
62.8948889638,9,1,6,2004
36.6479165066,9,1,7,2004
16.3792354864,9,1,8,2004
55.2597902238,9,1,9,2004
51.7180027439,9,1,10,2004
84.3993377938,9,1,11,2004
39.0113191162,9,1,12,2004
44.1378870493,9,1,1,2005
15.3190948492,9,1,2,2005
38.6160611275,9,1,3,2005
37.7877839034,9,1,4,2005
46.2296932782,9,1,5,2005
15.8537592117,9,1,6,2005
93.523096791,9,1,7,2005
69.8552472798,9,1,8,2005
98.0658295121,9,1,9,2005
81.477914837,9,1,10,2005
34.4265151984,9,1,11,2005
63.8271503889,9,1,12,2005
20.6687534383,9,1,1,2006
71.3405638983,9,1,2,2006
65.9635066717,9,1,3,2006
86.5785099497,9,1,4,2006
25.2872164975,9,1,5,2006
28.3931053723,9,1,6,2006
16.8260775407,9,1,7,2006
38.170801453,9,1,8,2006
1.95968973024,9,1,9,2006
83.9932944593,9,1,10,2006
61.3300519997,9,1,11,2006
22.8945759178,9,1,12,2006
55.1258292482,9,1,1,2007
28.8550136956,9,1,2,2007
68.0587841622,9,1,3,2007
91.153833858,9,1,4,2007
91.4081841447,9,1,5,2007
52.7527637614,9,1,6,2007
46.1334136343,9,1,7,2007
53.7273432538,9,1,8,2007
92.2211687111,9,1,9,2007
46.0140043929,9,1,10,2007
91.7896080553,9,1,11,2007
19.955162176,9,1,12,2007
51.0182981513,9,1,1,2008
54.1793536156,9,1,2,2008
58.446085568,9,1,3,2008
98.7313631496,9,1,4,2008
46.6716095711,9,1,5,2008
5.48792829885,9,1,6,2008
54.3645711352,9,1,7,2008
87.0516521171,9,1,8,2008
15.5281639735,9,1,9,2008
74.1910231074,9,1,10,2008
88.351022978,9,1,11,2008
98.7342964661,9,1,12,2008
85.2195034392,9,1,1,2009
12.0743023144,9,1,2,2009
52.8644304293,9,1,3,2009
80.1028090386,9,1,4,2009
15.0604797499,9,1,5,2009
3.95896773292,9,1,6,2009
71.1876022828,9,1,7,2009
70.6525305727,9,1,8,2009
46.1571747015,9,1,9,2009
57.3271699687,9,1,10,2009
90.121734593,9,1,11,2009
56.6026162732,9,1,12,2009
92.7169577027,9,1,1,2010
10.6042767591,9,1,2,2010
52.4532726941,9,1,3,2010
18.6691217707,9,1,4,2010
22.4648515401,9,1,5,2010
62.4030199811,9,1,6,2010
40.1997655656,9,1,7,2010
74.5182718144,9,1,8,2010
66.3231878204,9,1,9,2010
85.3871249006,9,1,10,2010
42.5390546696,9,1,11,2010
96.739991248,9,1,12,2010
0.772857530918,9,1,1,2011
1.82301375714,9,1,2,2011
25.4662749104,9,1,3,2011
24.0205340872,9,1,4,2011
67.8675961457,9,1,5,2011
4.24260364933,9,1,6,2011
76.3600121225,9,1,7,2011
50.8197848312,9,1,8,2011
85.7314315018,9,1,9,2011
56.0613543319,9,1,10,2011
88.0640984062,9,1,11,2011
65.0322703931,9,1,12,2011
60.3753069679,9,1,1,2012
89.6282874045,9,1,2,2012
93.2367614191,9,1,3,2012
25.4764541261,9,1,4,2012
70.7097163262,9,1,5,2012
28.4233242159,9,1,6,2012
35.9423112455,9,1,7,2012
99.2563307447,9,1,8,2012
28.9066969225,9,1,9,2012
79.568600379,9,1,10,2012
64.6546378839,9,1,11,2012
37.5962482993,9,1,12,2012
32.8997256852,9,1,1,2013
47.6628356693,9,1,2,2013
19.7093603442,9,1,3,2013
58.5675451376,9,1,4,2013
66.7877733443,9,1,5,2013
45.1863248434,9,1,6,2013
84.7325813694,9,1,7,2013
41.3725600529,9,1,8,2013
51.8740144662,9,1,9,2013
32.6781642317,9,1,10,2013
91.5953855565,9,1,11,2013
16.8702952101,9,1,12,2013
94.5992425555,9,1,1,2014
1.05110914745,9,1,2,2014
67.3498326175,9,1,3,2014
17.7533798219,9,1,4,2014
54.2931250067,9,1,5,2014
81.9279253143,9,1,6,2014
14.9741631379,9,1,7,2014
7.07624815793,9,1,8,2014
25.2298559909,9,1,9,2014
44.7752835054,9,1,10,2014
99.6943049565,9,1,11,2014
20.9675667522,9,1,12,2014
64.4629521697,9,1,1,2015
12.4912173781,9,1,2,2015
91.2949844835,9,1,3,2015
67.1697016846,9,1,4,2015
9.8841850927,9,1,5,2015
16.8411404017,9,1,6,2015
22.2941303039,9,1,7,2015
4.24147915756,9,1,8,2015
96.8939387869,9,1,9,2015
51.2646095278,9,1,10,2015
29.4945287229,9,1,11,2015
28.4389164241,9,1,12,2015
71.4885715,9,1,1,2016
36.7597948156,9,1,2,2016
73.1892190662,9,1,3,2016
91.5389376065,9,1,4,2016
15.2737005677,9,1,5,2016
80.1151134138,9,1,6,2016
21.0511354852,9,1,7,2016
92.4196722028,9,1,8,2016
37.8181283208,9,1,9,2016
91.8601122453,9,1,10,2016
4.18204121137,9,1,11,2016
39.2705097973,9,1,12,2016
